B.13	706060	3.0
B.13	1671289	3.0
B.13	7769043	2.0
B.13	3342850	0.0
B.13	1710514	0.0
B.13	226092	0.0
B.13	8853583	0.0
B.13	342	0.0
B.13	730	0.0
B.13	6172640	0.0
B.13	749	0.0
B.13	8933406	0.0
B.13	7462544	0.0
B.13	6586545	0.0
B.13	3027868	0.0
B.13	6257690	0.0
B.13	4461149	0.0
B.13	768679	3.0
B.13	706054	3.0
B.13	2106117	0.0
B.13	1300121	0.0
B.13	3652104	0.0
B.13	7154815	2.0
B.13	8861229	0.0
B.13	2235569	0.0
B.13	2453013	0.0
B.13	7767266	0.0
B.13	5109631	0.0
B.13	2036674	0.0
B.13	7761621	0.0
B.13	8610115	0.0
B.13	3230078	0.0
B.13	5802268	0.0
B.13	6800221	0.0
B.13	8228652	0.0
B.13	1606104	0.0
B.13	3006960	0.0
B.13	358	0.0
B.13	5482923	0.0
B.13	1757	0.0
B.13	4318903	0.0
B.13	7090753	0.0
B.13	188	0.0
B.13	177	0.0
B.13	115	0.0
B.13	414875	0.0
B.13	685913	0.0
B.13	2733	0.0
B.13	13488	0.0
B.13	5690	0.0
B.13	2134402	0.0
B.13	1779495	0.0
B.13	3881266	0.0
B.13	7633693	0.0
B.13	8967681	0.0
B.13	5904293	0.0
B.13	8235705	0.0
B.13	109909	0.0
B.13	2354701	0.0
B.13	2536000	0.0
B.13	3634111	0.0
B.13	576894	0.0
B.13	6330982	0.0
B.13	8542570	0.0
B.13	1235874	0.0
B.13	9261866	0.0
B.13	5021127	0.0
B.13	3867944	0.0
B.13	4073196	0.0
B.13	1756384	0.0
B.13	303028	0.0
B.13	8101893	0.0
B.13	5818747	0.0
B.13	9124902	0.0
B.13	7174011	0.0
B.13	5021764	0.0
B.13	208423	0.0
B.13	25733	0.0
B.13	7703189	0.0
B.13	9004863	1.0
B.13	814722	1.0
B.13	9166849	0.0
B.13	531508	3.0
B.13	8870202	3.0
B.13	5734512	3.0
B.13	3116673	3.0
B.13	2360530	3.0
B.13	2173247	1.0
B.13	1671286	3.0
B.13	2451649	3.0
B.13	8075204	3.0
B.13	814714	1.0
B.13	1975994	0.0
B.13	1822291	0.0
B.13	2101783	0.0
B.13	332562	0.0
B.13	1729606	0.0
B.13	2002458	0.0
B.13	980336	0.0
B.13	1901862	0.0
B.13	588	0.0
B.13	67	0.0
B.13	297	0.0
B.13	92	0.0
B.13	524	0.0
B.13	7675463	0.0
B.13	4205862	0.0
B.13	8861762	0.0
B.13	5210998	0.0
B.13	8861763	0.0
B.13	8861761	0.0
B.13	4444711	0.0
B.13	7543194	0.0
B.13	1116525	0.0
B.13	242279	0.0
B.18	6055145	0.0
B.18	332290	0.0
B.18	278200	0.0
B.18	660811	0.0
B.18	4438321	0.0
B.18	8949839	0.0
B.18	2150001	0.0
B.18	2069707	0.0
B.18	165400	0.0
B.18	8688013	0.0
B.18	7818250	0.0
B.18	8369647	0.0
B.18	1843007	0.0
B.18	3892293	0.0
B.18	4231301	0.0
B.18	5408917	0.0
B.18	1623034	0.0
B.18	7278811	0.0
B.18	563470	0.0
B.18	8720843	0.0
B.18	9267627	0.0
B.18	983283	0.0
B.18	521289	0.0
B.18	895110	0.0
B.18	6858000	0.0
B.18	6736672	0.0
B.18	8761055	0.0
B.18	6405754	0.0
B.18	8505874	0.0
B.18	2949203	0.0
B.18	3638543	1.0
B.18	6078032	0.0
B.18	3102751	0.0
B.18	3423427	0.0
B.18	7682971	0.0
B.18	7621595	0.0
B.18	5152752	0.0
B.18	7537965	0.0
B.18	675968	0.0
B.18	25487	0.0
B.18	1467253	0.0
B.18	5782319	0.0
B.18	3597086	0.0
B.18	5337663	0.0
B.18	1385	0.0
B.18	8376175	0.0
B.18	4077347	0.0
B.18	21099	0.0
B.18	9298084	0.0
B.18	7113875	0.0
B.18	2214733	1.0
B.18	2498317	1.0
B.18	2436521	0.0
B.18	4482772	0.0
B.18	2086104	0.0
B.18	151199	0.0
B.18	9101150	0.0
B.18	4747807	0.0
B.18	5180315	0.0
B.18	8446786	0.0
B.18	4184819	0.0
B.18	4192504	0.0
B.18	1185926	0.0
B.18	5045770	0.0
B.18	7462394	0.0
B.18	7462395	0.0
B.18	4720892	0.0
B.18	3898572	0.0
B.18	3926193	0.0
B.18	1488341	0.0
B.18	7462396	0.0
B.18	3961294	0.0
B.18	303171	0.0
B.18	5929134	0.0
B.18	7003211	0.0
B.18	2629152	0.0
B.18	6191491	0.0
B.18	1012873	0.0
B.18	796874	0.0
B.18	8544272	0.0
B.18	8563817	0.0
B.18	4117095	0.0
B.18	311753	0.0
B.18	8065279	0.0
B.18	8788499	0.0
B.18	6967888	0.0
B.18	976733	0.0
B.18	5965976	0.0
B.18	36473	0.0
B.18	1444331	0.0
B.18	8055614	0.0
B.18	4415099	0.0
B.18	9170929	0.0
B.18	4414953	0.0
B.18	8398309	0.0
B.18	8398310	0.0
B.18	7506265	0.0
B.18	4854559	0.0
B.18	3532445	0.0
B.18	2569081	0.0
B.18	2569080	0.0
B.18	1453117	0.0
B.18	3043066	0.0
B.18	6136271	0.0
B.18	373004	0.0
B.18	4197231	0.0
B.18	4121236	0.0
B.18	725498	0.0
B.18	2661648	0.0
B.18	4481412	0.0
B.18	30620	0.0
B.18	17201	0.0
B.18	78350	0.0
B.18	85182	0.0
B.18	433536	0.0
B.18	2549157	0.0
B.18	7638859	0.0
B.18	46987	0.0
B.18	218570	0.0
B.18	5699364	0.0
B.18	2672761	0.0
B.18	8347155	0.0
B.18	9276715	0.0
B.18	1119145	0.0
B.18	2323362	0.0
B.18	1439318	0.0
B.18	620136	0.0
B.18	1031979	0.0
B.18	1828772	0.0
B.18	1298609	0.0
B.18	2245619	0.0
B.18	9101151	0.0
B.18	635256	0.0
B.18	8447600	0.0
B.18	5547493	0.0
B.18	4783625	0.0
B.18	4840770	0.0
B.18	9050926	1.0
B.18	5127850	0.0
B.18	8822075	0.0
B.18	6982377	0.0
B.18	4771086	0.0
B.18	5953535	0.0
B.18	4497682	0.0
B.18	7113878	0.0
B.18	632343	2.0
B.18	8060932	0.0
B.18	1516730	0.0
B.18	4595005	0.0
B.18	5282267	0.0
B.18	1643352	0.0
B.18	7209282	0.0
B.18	8099477	0.0
B.18	8641281	0.0
B.18	86107	0.0
B.18	1130824	0.0
B.21	8009706	3.0
B.21	6148704	3.0
B.21	8159211	0.0
B.21	2731576	0.0
B.21	524109	0.0
B.21	524104	0.0
B.21	6148685	3.0
B.21	709404	0.0
B.21	4494238	2.0
B.21	524103	0.0
B.21	8289936	2.0
B.21	3249576	1.0
B.21	8934486	1.0
B.21	5073391	0.0
B.21	2787343	0.0
B.21	6264252	0.0
B.21	3529729	0.0
B.21	3529724	0.0
B.21	8916653	0.0
B.21	8916654	0.0
B.21	8916655	0.0
B.21	1835136	0.0
B.21	4797670	0.0
B.21	1194706	0.0
B.21	1335233	0.0
B.21	870612	0.0
B.21	870610	0.0
B.21	870609	0.0
B.21	4672499	0.0
B.21	5012516	0.0
B.21	2243143	0.0
B.21	9185573	0.0
B.21	5236810	0.0
B.21	1605592	1.0
B.21	3668374	0.0
B.21	1172008	0.0
B.21	214318	0.0
B.21	1605604	0.0
B.21	5979826	0.0
B.21	1605603	0.0
B.21	7675694	0.0
B.21	1978373	0.0
B.21	2002510	0.0
B.21	6760019	0.0
B.21	4515176	0.0
B.21	1043100	0.0
B.21	3052	0.0
B.21	2656254	0.0
B.21	58050	0.0
B.21	8713925	0.0
B.21	4375320	0.0
B.21	1043106	0.0
B.21	355000	0.0
B.21	203478	0.0
B.21	9159948	0.0
B.21	5123383	0.0
B.21	3386465	0.0
B.21	3934649	3.0
B.21	5210276	0.0
B.21	4439854	2.0
B.21	6449971	0.0
B.21	4439861	3.0
B.21	2541232	0.0
B.21	3934623	2.0
B.21	8289958	0.0
B.21	4753434	0.0
B.21	3004702	0.0
B.21	3323997	0.0
B.21	8289957	0.0
B.21	5739901	0.0
B.21	1925129	1.0
B.21	5739866	0.0
B.21	572114	0.0
B.21	4439863	3.0
B.21	2884090	0.0
B.21	7793939	0.0
B.21	6718505	0.0
B.21	7954198	0.0
B.21	4800323	0.0
B.21	1612291	0.0
B.21	1611690	0.0
B.21	7241836	0.0
B.21	3001857	0.0
B.21	3785795	0.0
B.21	6791373	0.0
B.21	1498783	0.0
B.21	3990763	0.0
B.21	8696893	0.0
B.21	9095394	0.0
B.21	1743906	0.0
B.21	6305174	0.0
B.21	5976014	0.0
B.21	6404572	0.0
B.21	8159209	0.0
B.21	3113621	0.0
B.21	524108	0.0
B.21	524107	0.0
B.21	524106	0.0
B.21	6054943	0.0
B.21	2784674	0.0
B.21	9313655	0.0
B.21	5859188	0.0
B.21	6194125	0.0
B.21	2069083	0.0
B.21	1600653	0.0
B.21	1762618	0.0
B.21	163796	0.0
B.21	163798	0.0
B.21	163797	0.0
B.21	3555376	0.0
B.21	6737129	0.0
B.21	97508	0.0
B.21	8287688	0.0
B.21	535612	0.0
B.21	779105	0.0
B.21	4933159	0.0
B.21	1014	0.0
B.21	8273934	0.0
B.21	270663	0.0
B.21	6070277	0.0
B.21	4329175	0.0
B.21	479964	0.0
B.21	8244955	0.0
B.21	8244956	0.0
B.21	6919019	0.0
B.21	9009095	0.0
B.21	9022927	0.0
B.21	7426574	0.0
B.21	8321587	0.0
B.21	2224429	0.0
B.21	64399	0.0
B.21	1328035	0.0
B.21	1781405	0.0
B.21	1790046	0.0
B.21	1790047	0.0
B.21	1916736	0.0
B.21	1687931	0.0
B.21	736034	0.0
B.21	3144900	0.0
B.21	1070414	0.0
B.21	1172012	0.0
B.21	8201990	0.0
B.21	1947197	0.0
B.21	1210314	0.0
B.21	63816	0.0
B.21	248802	0.0
B.21	6920928	0.0
B.21	6215302	0.0
B.21	8777479	2.0
B.21	1203902	0.0
B.21	1863702	0.0
B.21	2302239	0.0
B.21	1291227	2.0
B.21	1231712	2.0
B.21	3096154	2.0
B.25	380326	0.0
B.25	3053929	0.0
B.25	6309747	0.0
B.25	1605669	0.0
B.25	1203323	0.0
B.25	1258544	0.0
B.25	3820325	0.0
B.25	5226124	0.0
B.25	7945295	0.0
B.25	1068587	0.0
B.25	6892225	0.0
B.25	3053921	0.0
B.25	5413654	0.0
B.25	8272872	0.0
B.25	787748	0.0
B.25	1313761	0.0
B.25	7515779	0.0
B.25	7393050	0.0
B.25	7393048	0.0
B.25	3044103	0.0
B.25	6761298	0.0
B.25	3123405	0.0
B.25	1607423	0.0
B.25	1607421	0.0
B.25	8623976	0.0
B.25	5504505	0.0
B.25	8204081	0.0
B.25	5437935	0.0
B.25	2385552	0.0
B.25	3805703	0.0
B.25	7058015	0.0
B.25	6982480	0.0
B.25	589446	0.0
B.25	7514906	0.0
B.25	5339836	0.0
B.25	8813663	0.0
B.25	5458315	0.0
B.25	39934	0.0
B.25	1272547	0.0
B.25	1519690	0.0
B.25	186652	0.0
B.25	6915232	0.0
B.25	8100219	0.0
B.25	8765803	0.0
B.25	3469260	0.0
B.25	8962324	0.0
B.25	2328257	0.0
B.25	3829043	0.0
B.25	8456610	0.0
B.25	3820327	0.0
B.25	1385	0.0
B.25	7878306	0.0
B.25	7311767	0.0
B.25	8284567	0.0
B.25	702895	0.0
B.25	777	0.0
B.25	2375249	0.0
B.25	8100229	0.0
B.25	8247957	0.0
B.25	819824	0.0
B.25	8100230	0.0
B.25	3754346	0.0
B.25	2273822	0.0
B.25	782005	0.0
B.25	3053911	0.0
B.25	2769045	0.0
B.25	5525828	0.0
B.25	5413657	0.0
B.25	4259699	0.0
B.25	5286089	1.0
B.25	593982	0.0
B.25	3162974	0.0
B.25	7691090	0.0
B.25	7782403	0.0
B.25	7453840	0.0
B.25	7594422	0.0
B.25	7912182	0.0
B.25	499574	0.0
B.25	7223779	0.0
B.25	1353746	0.0
B.25	3737836	0.0
B.25	6458100	0.0
B.25	1880883	0.0
B.25	476443	0.0
B.25	309760	0.0
B.25	6707464	0.0
B.25	7611708	0.0
B.25	3660979	0.0
B.25	7196093	0.0
B.25	5080196	0.0
B.25	7100827	0.0
B.25	1976378	0.0
B.25	2374753	0.0
B.25	2901491	0.0
B.25	3810621	0.0
B.25	6712589	0.0
B.25	6712588	0.0
B.25	2380208	0.0
B.25	8208323	0.0
B.25	7341744	0.0
B.25	2580594	0.0
B.25	3280288	0.0
B.25	8644268	0.0
B.25	8644266	0.0
B.25	1664907	0.0
B.25	775339	0.0
B.25	1853946	0.0
B.25	5828089	0.0
B.25	4612797	0.0
B.25	8389781	0.0
B.25	8389780	0.0
B.25	8208308	0.0
B.25	7608265	0.0
B.25	1045234	0.0
B.25	3282422	0.0
B.25	861595	0.0
B.25	8283322	0.0
B.25	104733	0.0
B.25	492449	0.0
B.25	1839671	0.0
B.25	5851809	0.0
B.25	4834707	0.0
B.25	3867563	0.0
B.25	8831012	0.0
B.25	7857536	0.0
B.25	5106026	0.0
B.25	5106027	0.0
B.25	5491153	0.0
B.25	2439220	0.0
B.25	839241	0.0
B.25	1254918	0.0
B.25	1552194	0.0
B.25	611668	0.0
B.25	3954064	0.0
B.25	819829	0.0
B.25	2650316	0.0
B.25	1576669	2.0
B.25	7691091	0.0
B.25	752845	0.0
B.25	1745433	0.0
B.25	7158468	0.0
B.25	5052250	3.0
B.25	50821	0.0
B.25	2109281	0.0
B.25	2848397	0.0
B.25	5668371	0.0
B.25	4449042	0.0
B.25	5668372	0.0
B.25	593981	0.0
B.25	4080206	0.0
B.25	1924983	0.0
B.25	8795371	0.0
B.25	5078678	0.0
B.3	415553	3.0
B.3	15259	2.0
B.3	2450579	2.0
B.3	148975	2.0
B.3	194213	2.0
B.3	95253	2.0
B.3	1351940	2.0
B.3	605490	2.0
B.3	85335	2.0
B.3	4848790	2.0
B.3	1525393	2.0
B.3	3101483	2.0
B.3	1593	0.0
B.3	6093893	0.0
B.3	48100	1.0
B.3	4763147	0.0
B.3	4251594	0.0
B.3	323007	0.0
B.3	6839354	0.0
B.3	4197372	0.0
B.3	693232	0.0
B.3	9141568	0.0
B.3	6168014	2.0
B.3	2180137	1.0
B.3	929635	2.0
B.3	7448638	2.0
B.3	934108	2.0
B.3	934106	2.0
B.3	62174	2.0
B.3	1449888	2.0
B.3	1032956	2.0
B.3	2002511	2.0
B.3	3785951	2.0
B.3	695689	2.0
B.3	1683660	0.0
B.3	1010576	0.0
B.3	17723	0.0
B.3	2452821	1.0
B.3	1560202	0.0
B.3	4872721	1.0
B.3	2083936	0.0
B.3	6608909	0.0
B.3	8431402	0.0
B.3	6698674	0.0
B.3	155842	0.0
B.3	862207	1.0
B.3	5068812	0.0
B.3	7439906	0.0
B.3	735502	0.0
B.3	3058010	0.0
B.3	3117421	0.0
B.3	3164362	0.0
B.3	85604	0.0
B.3	3785364	0.0
B.3	308507	1.0
B.3	3482094	0.0
B.3	1181359	0.0
B.3	8963032	0.0
B.3	4251592	0.0
B.3	5303114	0.0
B.3	481738	0.0
B.3	8366851	0.0
B.3	9081826	0.0
B.3	7952783	0.0
B.3	2285873	0.0
B.3	6232339	0.0
B.3	41520	0.0
B.3	6174059	0.0
B.3	3651332	0.0
B.3	8289562	0.0
B.3	4301471	0.0
B.3	1740466	0.0
B.3	6921219	0.0
B.3	3574176	0.0
B.3	11445	0.0
B.3	565	0.0
B.3	2670572	0.0
B.3	205688	0.0
B.3	6969	0.0
B.3	2002512	1.0
B.3	560274	2.0
B.3	6845187	1.0
B.3	4104195	0.0
B.3	7073349	1.0
B.3	3070944	1.0
B.3	2553661	0.0
B.3	8021206	1.0
B.3	6992486	1.0
B.3	6266214	1.0
B.3	336384	1.0
B.3	2867996	1.0
B.3	7322018	1.0
B.3	8695680	1.0
B.3	5549509	1.0
B.3	1891160	0.0
B.3	7944197	1.0
B.3	5850211	0.0
B.3	6928576	0.0
B.3	8895299	1.0
B.3	696622	1.0
B.3	1750781	1.0
B.3	4997753	0.0
B.3	3444126	0.0
B.3	4291434	1.0
B.3	1041494	1.0
B.3	7982	0.0
B.3	241074	0.0
B.3	268	0.0
B.3	1249174	2.0
B.3	1045270	2.0
B.3	47326	2.0
B.3	7415016	1.0
B.3	1397841	0.0
B.3	4993129	0.0
B.3	6930976	0.0
B.3	1989397	0.0
B.3	297415	0.0
B.3	426212	0.0
B.3	5378565	0.0
B.3	5519757	0.0
B.3	155400	0.0
B.3	426205	0.0
B.3	2902499	0.0
B.3	1728708	0.0
B.3	1172996	0.0
B.3	2881460	0.0
B.3	4895737	0.0
B.3	6898509	0.0
B.3	1271203	2.0
B.34	761775	3.0
B.34	7057001	2.0
B.34	8289967	1.0
B.34	6575452	2.0
B.34	6575446	3.0
B.34	4076642	0.0
B.34	869428	0.0
B.34	3324139	0.0
B.34	6508412	2.0
B.34	6026103	2.0
B.34	8785821	1.0
B.34	6883128	2.0
B.34	8631330	2.0
B.34	9193172	3.0
B.34	4194369	2.0
B.34	1554972	0.0
B.34	8245092	0.0
B.34	3324752	0.0
B.34	3324753	0.0
B.34	5186506	0.0
B.34	3196229	0.0
B.34	1755318	0.0
B.34	340801	0.0
B.34	188383	0.0
B.34	476391	0.0
B.34	33786	0.0
B.34	8712764	0.0
B.34	908822	0.0
B.34	5408412	0.0
B.34	6411767	0.0
B.34	422207	0.0
B.34	9162881	2.0
B.34	739080	1.0
B.34	9193184	1.0
B.34	310226	1.0
B.34	9193191	1.0
B.34	4255977	2.0
B.34	7312593	1.0
B.34	310223	1.0
B.34	1823588	1.0
B.34	6026104	2.0
B.34	5295739	1.0
B.34	6490027	0.0
B.34	310224	1.0
B.34	5689260	0.0
B.34	1823595	1.0
B.34	2148555	3.0
B.34	7312589	2.0
B.34	4255980	2.0
B.34	4251058	2.0
B.34	4553751	2.0
B.34	1037104	2.0
B.34	2995693	2.0
B.34	2995697	2.0
B.34	4255976	2.0
B.34	7312592	1.0
B.34	4553738	2.0
B.34	1037105	2.0
B.34	7312597	1.0
B.34	6508418	1.0
B.34	5281165	2.0
B.34	4553739	2.0
B.34	1729817	2.0
B.34	7312595	1.0
B.34	3730949	2.0
B.34	84226	0.0
B.34	9193171	3.0
B.34	6162251	3.0
B.34	133845	0.0
B.34	3327923	3.0
B.34	7646997	0.0
B.34	8663545	2.0
B.34	5446509	3.0
B.34	6575444	2.0
B.34	6575445	2.0
B.34	6606799	3.0
B.34	1235245	3.0
B.34	6575458	2.0
B.34	6575454	2.0
B.34	6575456	2.0
B.34	6575457	2.0
B.34	8631327	3.0
B.34	8631328	3.0
B.34	2995685	2.0
B.34	8631325	2.0
B.34	8631323	2.0
B.34	1633785	0.0
B.34	3863169	2.0
B.34	3863168	2.0
B.34	3267414	0.0
B.34	8289941	0.0
B.34	3096154	1.0
B.34	1725801	0.0
B.34	8257506	0.0
B.34	8283386	0.0
B.34	11674	0.0
B.34	3887796	0.0
B.34	1744115	0.0
B.34	6054381	0.0
B.34	1474312	0.0
B.34	5962779	0.0
B.34	1235246	2.0
B.34	544636	0.0
B.34	1748823	2.0
B.34	271594	0.0
B.34	1639945	0.0
B.34	1959657	0.0
B.34	1368637	0.0
B.34	1254084	0.0
B.34	158173	0.0
B.34	835408	1.0
B.34	7344627	1.0
B.34	3566994	2.0
B.34	5011239	1.0
B.34	177	0.0
B.34	115	0.0
B.34	67	0.0
B.34	297	0.0
B.34	92	0.0
B.34	342	0.0
B.34	4916	0.0
B.34	146	0.0
B.34	7675463	0.0
B.34	524	0.0
B.34	5281151	2.0
B.34	6070831	3.0
B.34	6612736	2.0
B.34	6612741	2.0
B.34	1729813	2.0
B.34	5281166	2.0
B.34	5281152	2.0
B.35	78804	3.0
B.35	220447	1.0
B.35	281803	0.0
B.35	7029828	0.0
B.35	1666268	0.0
B.35	2901603	0.0
B.35	736761	0.0
B.35	4081331	0.0
B.35	9179496	1.0
B.35	4081336	0.0
B.35	2847023	0.0
B.35	6579233	3.0
B.35	8392527	1.0
B.35	6204870	3.0
B.35	3030521	3.0
B.35	851751	3.0
B.35	731937	1.0
B.35	6095943	3.0
B.35	5592546	3.0
B.35	4232522	3.0
B.35	2105529	0.0
B.35	6617815	0.0
B.35	40421	0.0
B.35	1320032	0.0
B.35	3501836	0.0
B.35	8411146	0.0
B.35	186724	0.0
B.35	3999124	0.0
B.35	3652022	0.0
B.35	843529	0.0
B.35	40054	0.0
B.35	8577095	0.0
B.35	6210835	0.0
B.35	2255104	0.0
B.35	2174559	0.0
B.35	94099	0.0
B.35	4786667	0.0
B.35	6863667	0.0
B.35	7558199	0.0
B.35	1199548	0.0
B.35	1411856	0.0
B.35	8491604	0.0
B.35	8868408	0.0
B.35	2010598	0.0
B.35	1912257	0.0
B.35	9134027	0.0
B.35	3625723	0.0
B.35	8411154	0.0
B.35	3512623	0.0
B.35	725366	0.0
B.35	7611027	0.0
B.35	7613258	0.0
B.35	1946458	0.0
B.35	7458919	0.0
B.35	6757395	0.0
B.35	8612216	0.0
B.35	279060	0.0
B.35	5643369	0.0
B.35	2574181	0.0
B.35	6232615	0.0
B.35	7853558	0.0
B.35	2680920	0.0
B.35	1933607	0.0
B.35	6617808	0.0
B.35	3127608	0.0
B.35	1844538	0.0
B.35	649196	0.0
B.35	4172707	0.0
B.35	7551194	0.0
B.35	7041590	0.0
B.35	7676015	0.0
B.35	3975150	0.0
B.35	8681909	1.0
B.35	7986287	2.0
B.35	341762	2.0
B.35	3299862	3.0
B.35	876847	1.0
B.35	876846	1.0
B.35	597557	0.0
B.35	7760915	3.0
B.35	7237461	2.0
B.35	3118791	2.0
B.35	3554889	0.0
B.35	221020	1.0
B.35	8126212	0.0
B.35	3554888	0.0
B.35	9046713	1.0
B.35	2180982	0.0
B.35	3254927	2.0
B.35	5779964	2.0
B.35	8826395	0.0
B.35	6860256	0.0
B.35	5571135	2.0
B.35	6860257	3.0
B.35	6168360	1.0
B.35	3333261	2.0
B.35	8239855	0.0
B.35	8254664	0.0
B.35	8259101	0.0
B.35	8270469	0.0
B.35	8270470	0.0
B.35	8275808	0.0
B.35	1599572	0.0
B.35	25613	0.0
B.35	8285087	0.0
B.35	1066291	0.0
B.35	586747	0.0
B.35	78828	3.0
B.35	1248738	0.0
B.35	1737078	0.0
B.35	6309034	0.0
B.35	324198	0.0
B.35	5886461	0.0
B.35	1212849	0.0
B.35	2241702	0.0
B.35	5309632	0.0
B.35	3699359	0.0
B.35	6363425	0.0
B.35	4119767	0.0
B.35	4269273	0.0
B.35	2799978	0.0
B.35	2799977	0.0
B.35	2316265	0.0
B.35	707478	0.0
B.35	6978181	0.0
B.35	5394717	0.0
B.35	4906964	0.0
B.35	2235826	0.0
B.35	2121279	0.0
B.37	1658658	0.0
B.37	204544	3.0
B.37	149086	2.0
B.37	4719238	3.0
B.37	7072523	2.0
B.37	8086780	2.0
B.37	2725211	2.0
B.37	1448886	0.0
B.37	3101614	2.0
B.37	2544938	2.0
B.37	58	0.0
B.37	23011	0.0
B.37	154525	0.0
B.37	8794473	0.0
B.37	3413222	0.0
B.37	5344085	0.0
B.37	6870876	1.0
B.37	2208707	0.0
B.37	3864939	0.0
B.37	7580404	1.0
B.37	6618597	2.0
B.37	8662702	2.0
B.37	4038349	2.0
B.37	3816658	3.0
B.37	21582	1.0
B.37	3187159	0.0
B.37	6027336	2.0
B.37	1634814	2.0
B.37	7967039	0.0
B.37	5797355	0.0
B.37	4146500	1.0
B.37	9318812	1.0
B.37	8858502	3.0
B.37	4786222	0.0
B.37	758642	0.0
B.37	1731640	0.0
B.37	5780	0.0
B.37	87693	0.0
B.37	805424	0.0
B.37	8530	0.0
B.37	1387	0.0
B.37	4266451	0.0
B.37	1390	0.0
B.37	8529	0.0
B.37	8808244	0.0
B.37	3562064	0.0
B.37	8473998	0.0
B.37	8138931	0.0
B.37	4924109	0.0
B.37	4185370	0.0
B.37	7091356	0.0
B.37	8937704	3.0
B.37	5996311	0.0
B.37	4645221	1.0
B.37	4644962	0.0
B.37	6115762	0.0
B.37	2856042	0.0
B.37	1630083	0.0
B.37	3659727	0.0
B.37	6115763	0.0
B.37	356556	0.0
B.37	6115760	0.0
B.37	8984566	0.0
B.37	8378658	0.0
B.37	2843536	0.0
B.37	5859498	0.0
B.37	2843537	0.0
B.37	1544575	0.0
B.37	9048975	0.0
B.37	1462038	0.0
B.37	197160	0.0
B.37	7680286	0.0
B.37	2339796	0.0
B.37	367335	0.0
B.37	8000791	0.0
B.37	9247449	0.0
B.37	25152	0.0
B.37	1655550	0.0
B.37	2590598	0.0
B.37	5597486	1.0
B.37	7055209	0.0
B.37	9064869	1.0
B.37	8466752	2.0
B.37	5520972	3.0
B.37	8133662	3.0
B.37	225440	2.0
B.37	5469372	2.0
B.37	6473932	2.0
B.37	5430177	3.0
B.37	1990751	2.0
B.37	1998393	2.0
B.37	1990755	2.0
B.37	8344920	2.0
B.37	8834635	0.0
B.37	8239855	0.0
B.37	8254664	0.0
B.37	8259101	0.0
B.37	8270469	0.0
B.37	8270470	0.0
B.37	8275808	0.0
B.37	1599572	0.0
B.37	25613	0.0
B.37	8285087	0.0
B.37	4571413	2.0
B.37	7682694	0.0
B.37	357464	0.0
B.37	7668102	0.0
B.37	4051636	0.0
B.37	1273972	0.0
B.37	1649484	0.0
B.37	286312	0.0
B.37	842259	1.0
B.37	2251917	0.0
B.37	2396885	0.0
B.37	2700147	0.0
B.37	166395	0.0
B.40	9152643	1.0
B.40	3794913	2.0
B.40	6271486	0.0
B.40	2302027	1.0
B.40	1281686	1.0
B.40	2662447	1.0
B.40	3112595	0.0
B.40	1460618	0.0
B.40	6767220	0.0
B.40	6256633	0.0
B.40	61457	0.0
B.40	847	0.0
B.40	2178248	0.0
B.40	8976356	0.0
B.40	8976355	0.0
B.40	4285008	0.0
B.40	6585496	0.0
B.40	6271485	0.0
B.40	1257497	1.0
B.40	5512270	0.0
B.40	1113840	1.0
B.40	668263	1.0
B.40	8867562	1.0
B.40	3758069	0.0
B.40	7939965	0.0
B.40	3903824	0.0
B.40	6784219	0.0
B.40	1564873	0.0
B.40	1482943	1.0
B.40	249163	0.0
B.40	7987105	2.0
B.40	8886632	0.0
B.40	9066770	0.0
B.40	1963240	0.0
B.40	8866853	0.0
B.40	4931603	0.0
B.40	7751959	0.0
B.40	7751958	0.0
B.40	5226949	0.0
B.40	2112815	0.0
B.40	5535253	0.0
B.40	7304278	0.0
B.40	2369551	0.0
B.40	8775	0.0
B.40	5875247	0.0
B.40	60526	0.0
B.40	2654225	0.0
B.40	5203932	0.0
B.40	8635	0.0
B.40	2003727	0.0
B.40	1177	0.0
B.40	500466	0.0
B.40	58096	0.0
B.40	2813393	0.0
B.40	2717705	0.0
B.40	303565	0.0
B.40	1285682	0.0
B.40	2126707	0.0
B.40	6149858	0.0
B.40	1592156	0.0
B.40	60531	0.0
B.40	6230726	0.0
B.40	2753975	0.0
B.40	3284359	0.0
B.40	4042323	0.0
B.40	6749144	0.0
B.40	4042324	0.0
B.40	4285007	0.0
B.40	5665091	0.0
B.40	3771606	0.0
B.40	7460834	0.0
B.40	505630	0.0
B.40	2086605	0.0
B.40	1303326	0.0
B.40	6673398	0.0
B.40	7477907	0.0
B.40	1984368	0.0
B.40	2782997	0.0
B.40	3243918	0.0
B.40	7877595	0.0
B.40	1000674	0.0
B.40	1515593	0.0
B.40	3783604	0.0
B.40	2340720	0.0
B.40	93	0.0
B.40	6421994	0.0
B.40	7374387	0.0
B.40	6060319	0.0
B.40	3021133	0.0
B.40	8881730	0.0
B.40	4649970	0.0
B.40	7651379	0.0
B.40	378879	0.0
B.40	5415845	0.0
B.40	8783928	0.0
B.40	2212683	0.0
B.40	2630925	0.0
B.40	8271873	0.0
B.40	5284144	1.0
B.40	2217515	0.0
B.40	8062048	1.0
B.40	6055950	1.0
B.40	1966744	0.0
B.40	5150893	1.0
B.40	1939317	2.0
B.40	6597818	1.0
B.40	62375	1.0
B.40	279054	1.0
B.40	305369	1.0
B.40	1389006	1.0
B.40	6712542	0.0
B.40	7424179	0.0
B.40	765880	0.0
B.40	4652618	0.0
B.40	81313	0.0
B.40	2468	0.0
B.40	68367	1.0
B.40	8983350	0.0
B.40	565651	1.0
B.40	7619202	2.0
B.40	282257	2.0
B.40	282272	2.0
B.40	605437	1.0
B.40	2256644	1.0
B.40	761265	0.0
B.40	1781304	0.0
B.40	2377006	0.0
B.40	224528	0.0
B.40	4640853	0.0
B.40	6323215	0.0
B.40	1629355	0.0
B.40	8574356	0.0
B.40	1520736	0.0
B.40	3894529	0.0
B.40	1666894	0.0
B.40	1707878	0.0
B.40	3696903	0.0
B.40	6631428	0.0
B.40	5739621	1.0
B.40	6673395	0.0
B.40	8964305	0.0
B.40	4309835	0.0
B.40	5944883	0.0
B.43	3475014	3.0
B.43	5143571	3.0
B.43	8922541	0.0
B.43	8072375	3.0
B.43	5678404	0.0
B.43	5400205	0.0
B.43	4889052	0.0
B.43	2905195	0.0
B.43	8692341	3.0
B.43	3642741	3.0
B.43	6892595	0.0
B.43	7297127	2.0
B.43	4055319	1.0
B.43	3634161	3.0
B.43	8545880	1.0
B.43	596329	0.0
B.43	2761594	3.0
B.43	7932657	0.0
B.43	213414	0.0
B.43	5925112	0.0
B.43	2325631	0.0
B.43	5737682	0.0
B.43	7385512	0.0
B.43	5014030	0.0
B.43	5014029	0.0
B.43	6892597	0.0
B.43	8658741	0.0
B.43	2812355	0.0
B.43	8278269	0.0
B.43	4285657	0.0
B.43	3633052	0.0
B.43	2829487	0.0
B.43	1686759	0.0
B.43	234947	0.0
B.43	1153380	0.0
B.43	3820469	0.0
B.43	8457429	0.0
B.43	3910574	0.0
B.43	2173899	0.0
B.43	3460497	0.0
B.43	82152	0.0
B.43	2389138	0.0
B.43	84678	0.0
B.43	2971621	0.0
B.43	462516	0.0
B.43	5570536	0.0
B.43	6487824	0.0
B.43	1074269	0.0
B.43	1078632	0.0
B.43	9264806	0.0
B.43	914128	0.0
B.43	913608	0.0
B.43	1157448	2.0
B.43	1206820	1.0
B.43	6174227	1.0
B.43	3127584	3.0
B.43	7407259	0.0
B.43	6773222	0.0
B.43	7817155	0.0
B.43	3577981	1.0
B.43	4850849	0.0
B.43	3807393	0.0
B.43	8891153	0.0
B.43	5361970	0.0
B.43	4833376	0.0
B.43	7819403	3.0
B.43	7288892	0.0
B.43	109807	0.0
B.43	7687585	0.0
B.43	4061692	0.0
B.43	4256882	0.0
B.43	3946562	0.0
B.43	6764507	0.0
B.43	8130390	0.0
B.43	3154491	0.0
B.43	5521317	0.0
B.43	2585709	0.0
B.43	9316522	0.0
B.43	5342308	0.0
B.43	4967122	0.0
B.43	8950608	0.0
B.43	26342	0.0
B.43	7674212	0.0
B.43	3720566	0.0
B.43	8675400	0.0
B.43	3916909	0.0
B.43	1361090	0.0
B.43	1897304	0.0
B.43	2111703	0.0
B.43	7265464	0.0
B.43	2363863	0.0
B.43	2955330	0.0
B.43	1068313	0.0
B.43	8980906	3.0
B.43	1551978	3.0
B.43	7735605	1.0
B.43	8752742	3.0
B.43	4495616	3.0
B.43	7672728	3.0
B.43	887000	3.0
B.43	284359	0.0
B.43	4786442	1.0
B.43	1526400	3.0
B.43	4271989	3.0
B.43	4034451	0.0
B.43	2523567	0.0
B.43	3127841	3.0
B.43	5314000	0.0
B.43	581728	0.0
B.43	1554268	3.0
B.43	1008393	0.0
B.43	12697	0.0
B.43	6299999	0.0
B.43	8470998	0.0
B.43	1015852	0.0
B.43	1718164	0.0
B.43	306390	0.0
B.43	761504	0.0
B.43	1122700	0.0
B.43	6083096	0.0
B.43	1283834	0.0
B.43	537844	3.0
B.43	609633	0.0
B.43	1946608	0.0
B.43	1946609	0.0
B.43	2225104	0.0
B.43	2225105	0.0
B.43	2225103	0.0
B.43	1583148	0.0
B.43	1844874	0.0
B.43	1258346	0.0
B.43	6035372	0.0
B.43	939600	0.0
B.43	4959089	0.0
B.43	2514627	0.0
B.43	3174288	0.0
B.43	6491230	0.0
B.43	6013629	0.0
B.43	6681050	0.0
B.43	1943427	0.0
B.43	2755085	0.0
B.43	5550593	0.0
B.43	408334	0.0
B.43	6826590	0.0
B.43	8726952	0.0
B.43	3127583	3.0
B.43	4288434	3.0
B.43	9047135	3.0
B.43	9047133	3.0
B.43	7520203	3.0
B.43	679283	2.0
B.43	1072555	0.0
B.46	697323	0.0
B.46	493581	3.0
B.46	8525908	1.0
B.46	3119686	2.0
B.46	4485445	2.0
B.46	391231	2.0
B.46	1666268	0.0
B.46	1199548	0.0
B.46	52815	0.0
B.46	1663798	0.0
B.46	4300855	0.0
B.46	3581422	0.0
B.46	6372631	0.0
B.46	395548	0.0
B.46	3894841	0.0
B.46	3205757	0.0
B.46	768248	0.0
B.46	3254068	0.0
B.46	7505489	1.0
B.46	6107601	0.0
B.46	3894840	0.0
B.46	200383	2.0
B.46	153847	0.0
B.46	8577095	0.0
B.46	8411146	0.0
B.46	1187939	0.0
B.46	2713526	0.0
B.46	353328	0.0
B.46	495444	0.0
B.46	1245948	0.0
B.46	285236	0.0
B.46	55616	0.0
B.46	608538	0.0
B.46	2318370	0.0
B.46	3529209	0.0
B.46	7137862	0.0
B.46	5292476	0.0
B.46	7998866	0.0
B.46	2485102	0.0
B.46	1657624	0.0
B.46	2911645	0.0
B.46	6111814	0.0
B.46	40054	0.0
B.46	6461296	0.0
B.46	9163031	0.0
B.46	4884862	0.0
B.46	956192	0.0
B.46	1593123	0.0
B.46	4855647	0.0
B.46	1240593	0.0
B.46	2583303	0.0
B.46	2768047	0.0
B.46	2550041	0.0
B.46	5741046	0.0
B.46	4255091	0.0
B.46	4042676	0.0
B.46	8615417	0.0
B.46	1417816	0.0
B.46	5859683	0.0
B.46	4968224	0.0
B.46	3348347	0.0
B.46	7244114	0.0
B.46	9317083	0.0
B.46	4488931	0.0
B.46	4952685	0.0
B.46	8421734	0.0
B.46	7433809	0.0
B.46	3300414	0.0
B.46	5476701	0.0
B.46	6740120	0.0
B.46	5440218	1.0
B.46	3787442	2.0
B.46	5539583	0.0
B.46	2462821	0.0
B.46	3565102	0.0
B.46	6765185	0.0
B.46	7705798	0.0
B.46	8537463	0.0
B.46	125428	0.0
B.46	413668	0.0
B.46	4986573	0.0
B.46	5805576	0.0
B.46	2322528	0.0
B.46	5068908	1.0
B.46	6308225	1.0
B.46	5543215	1.0
B.46	7367859	2.0
B.46	7367860	2.0
B.46	6872707	0.0
B.46	4264108	1.0
B.46	3806713	2.0
B.46	3554992	2.0
B.46	2650441	0.0
B.46	5648271	0.0
B.46	1484719	0.0
B.46	1566027	0.0
B.46	6377519	0.0
B.46	5440219	0.0
B.46	5827965	1.0
B.46	484357	1.0
B.46	4197046	0.0
B.46	2404516	0.0
B.46	3255981	1.0
B.46	8272597	1.0
B.46	54992	0.0
B.46	10660	0.0
B.46	1418717	0.0
B.46	6230456	0.0
B.46	58568	0.0
B.46	2941598	2.0
B.46	2772586	2.0
B.46	1975396	0.0
B.46	1877880	0.0
B.46	26082	0.0
B.46	2061723	0.0
B.46	1785649	0.0
B.46	47107	0.0
B.46	2340894	1.0
B.46	1340772	0.0
B.46	4576570	0.0
B.46	8930777	0.0
B.46	3512623	0.0
B.46	3891217	0.0
B.46	3884879	0.0
B.46	685847	0.0
B.46	2505058	0.0
B.46	8687730	0.0
B.46	3808570	0.0
B.46	7265235	0.0
B.46	2338543	0.0
B.46	372408	0.0
B.46	2316265	0.0
B.46	3084485	0.0
B.46	3932882	0.0
B.46	7981257	0.0
B.46	4079565	0.0
B.46	3099462	0.0
B.46	4906964	0.0
B.46	8548780	0.0
B.57	2432771	3.0
B.57	178290	3.0
B.57	7254985	3.0
B.57	253217	3.0
B.57	2432769	2.0
B.57	1327395	0.0
B.57	256	0.0
B.57	217830	0.0
B.57	6247575	0.0
B.57	2889	0.0
B.57	167754	0.0
B.57	8972095	0.0
B.57	4555276	0.0
B.57	8706073	0.0
B.57	7208441	0.0
B.57	1970601	1.0
B.57	326569	3.0
B.57	7914814	1.0
B.57	100226	3.0
B.57	2411111	3.0
B.57	8295269	2.0
B.57	7110832	3.0
B.57	161668	3.0
B.57	1360021	2.0
B.57	1167010	0.0
B.57	4110240	0.0
B.57	492233	0.0
B.57	5971837	0.0
B.57	8754929	0.0
B.57	33728	0.0
B.57	3845	1.0
B.57	2939578	0.0
B.57	1501006	0.0
B.57	681146	0.0
B.57	497498	0.0
B.57	546871	0.0
B.57	5738345	0.0
B.57	40826	0.0
B.57	1841331	0.0
B.57	4946587	0.0
B.57	6428	0.0
B.57	7572112	0.0
B.57	2421995	0.0
B.57	6234785	0.0
B.57	3429671	0.0
B.57	2292126	0.0
B.57	5453879	0.0
B.57	3684948	0.0
B.57	1004920	0.0
B.57	2602054	0.0
B.57	9085773	0.0
B.57	5551734	0.0
B.57	8735886	0.0
B.57	6298794	0.0
B.57	2617031	0.0
B.57	7747777	0.0
B.57	3951244	0.0
B.57	7440567	0.0
B.57	2881092	0.0
B.57	7129743	0.0
B.57	2452013	0.0
B.57	6635295	0.0
B.57	2111803	0.0
B.57	241389	0.0
B.57	4064025	3.0
B.57	493081	0.0
B.57	486588	3.0
B.57	162898	3.0
B.57	3853908	0.0
B.57	486589	3.0
B.57	2970934	3.0
B.57	8597153	3.0
B.57	2926887	3.0
B.57	616032	3.0
B.57	3308088	3.0
B.57	295110	2.0
B.57	4169997	1.0
B.57	8872063	2.0
B.57	1644049	2.0
B.57	697842	3.0
B.57	229164	1.0
B.57	322209	1.0
B.57	1466237	0.0
B.57	305249	1.0
B.57	1064772	3.0
B.57	298238	0.0
B.57	23924	0.0
B.57	3786929	0.0
B.57	5480393	0.0
B.57	423120	0.0
B.57	7603979	0.0
B.57	2783008	0.0
B.57	1052849	0.0
B.57	8811933	0.0
B.57	8045082	0.0
B.57	6107131	0.0
B.57	1114860	0.0
B.57	547081	0.0
B.57	5563896	0.0
B.57	7080768	0.0
B.57	6107132	0.0
B.57	2028475	0.0
B.57	2347683	0.0
B.58	1976441	0.0
B.58	3153177	0.0
B.58	6954908	0.0
B.58	4395997	0.0
B.58	2315770	0.0
B.58	6566975	0.0
B.58	2668306	0.0
B.58	7225122	0.0
B.58	7411683	0.0
B.58	4687263	0.0
B.58	2718767	0.0
B.58	313545	0.0
B.58	8093650	0.0
B.58	4344468	0.0
B.58	884303	0.0
B.58	2728446	0.0
B.58	1552007	0.0
B.58	2244406	0.0
B.58	6204387	0.0
B.58	1117810	0.0
B.58	2764039	0.0
B.58	1458114	0.0
B.58	9061334	0.0
B.58	1367078	0.0
B.58	8904483	0.0
B.58	6674786	0.0
B.58	5191941	0.0
B.58	3359832	0.0
B.58	848032	0.0
B.58	3425675	0.0
B.58	6798222	0.0
B.58	2196476	0.0
B.58	5628480	0.0
B.58	4956805	0.0
B.58	8260244	0.0
B.58	1652438	0.0
B.58	6402862	0.0
B.58	8399955	0.0
B.58	9175322	0.0
B.58	6382294	0.0
B.58	8201544	0.0
B.58	1374782	0.0
B.58	5497330	0.0
B.58	4905451	0.0
B.58	3963445	0.0
B.58	7588853	0.0
B.58	2929108	0.0
B.58	8411469	0.0
B.58	3963455	0.0
B.58	8188254	0.0
B.58	2442562	0.0
B.58	2668303	0.0
B.58	4002178	0.0
B.58	2314296	0.0
B.58	2184262	0.0
B.58	5222621	0.0
B.58	6313542	0.0
B.58	7752068	0.0
B.58	5222620	0.0
B.58	3627322	0.0
B.58	5982064	0.0
B.58	5124088	0.0
B.58	3127990	0.0
B.58	3357682	0.0
B.58	9268926	0.0
B.58	2369583	0.0
B.58	2627363	0.0
B.58	4969667	0.0
B.58	3480290	0.0
B.58	1716158	0.0
B.58	1200876	0.0
B.58	90413	0.0
B.58	7290763	0.0
B.58	5992774	0.0
B.58	2757529	0.0
B.58	6007896	0.0
B.58	2819534	0.0
B.58	3666359	0.0
B.58	1440628	0.0
B.58	4538737	0.0
B.58	1278989	0.0
B.58	2325122	0.0
B.58	3909055	0.0
B.58	5092074	0.0
B.58	8323977	0.0
B.58	6233404	0.0
B.58	110739	0.0
B.58	5565182	0.0
B.58	705573	0.0
B.58	6111979	0.0
B.58	1107865	1.0
B.58	585259	1.0
B.58	4482359	1.0
B.58	2141821	1.0
B.58	5910907	1.0
B.58	7859954	1.0
B.58	6132617	0.0
B.58	5546737	0.0
B.58	6049991	0.0
B.58	2353740	0.0
B.58	1313526	0.0
B.58	8033812	0.0
B.58	8254724	0.0
B.58	3715	0.0
B.58	7383	0.0
B.58	2145923	0.0
B.58	1726850	0.0
B.58	3802	0.0
B.58	206	0.0
B.58	885123	0.0
B.58	885127	0.0
B.58	2424195	0.0
B.58	4027041	0.0
B.58	740375	0.0
B.58	8876915	0.0
B.58	771698	0.0
B.58	1136322	0.0
B.58	1261721	0.0
B.58	2199536	0.0
B.58	2326581	0.0
B.58	453934	0.0
B.58	473258	0.0
B.58	274099	0.0
B.58	473618	0.0
B.58	511497	0.0
B.58	7378031	0.0
B.58	5204077	0.0
B.58	1379806	0.0
B.58	1813935	0.0
B.58	7300908	0.0
B.58	3264055	0.0
B.58	7796251	0.0
B.58	9150582	0.0
B.58	5486070	0.0
B.58	2316392	0.0
B.58	4151249	0.0
B.58	5769768	0.0
B.58	8094212	0.0
B.58	6333156	0.0
B.58	6861385	0.0
B.58	1499874	0.0
B.58	3861908	0.0
B.58	1261704	1.0
B.58	5688510	1.0
B.58	1240985	0.0
B.58	2856616	1.0
B.58	2856615	1.0
B.58	2668283	0.0
B.58	7123415	1.0
B.58	1490916	0.0
B.58	1291878	0.0
B.58	3963456	0.0
B.59	16886	3.0
B.59	731299	3.0
B.59	5178932	1.0
B.59	785062	1.0
B.59	2660373	3.0
B.59	16887	3.0
B.59	9269829	0.0
B.59	1804534	0.0
B.59	575499	0.0
B.59	3589128	0.0
B.59	173222	0.0
B.59	627042	0.0
B.59	7007327	0.0
B.59	61210	3.0
B.59	6046734	0.0
B.59	4073338	0.0
B.59	466934	0.0
B.59	713781	3.0
B.59	5537844	1.0
B.59	3237808	3.0
B.59	3697404	3.0
B.59	446193	3.0
B.59	3008706	0.0
B.59	2916129	0.0
B.59	5428476	0.0
B.59	7055991	0.0
B.59	5067981	0.0
B.59	1654991	0.0
B.59	7690	0.0
B.59	2472741	0.0
B.59	7080574	0.0
B.59	1962149	0.0
B.59	3397678	0.0
B.59	116	0.0
B.59	391624	0.0
B.59	8926545	0.0
B.59	1144273	0.0
B.59	93093	0.0
B.59	3318492	0.0
B.59	2598931	0.0
B.59	6396425	0.0
B.59	411395	0.0
B.59	323766	0.0
B.59	8514003	0.0
B.59	5853436	0.0
B.59	7201641	0.0
B.59	6366069	0.0
B.59	6729224	0.0
B.59	2886378	0.0
B.59	3099796	0.0
B.59	6046746	0.0
B.59	2886380	0.0
B.59	4891036	0.0
B.59	1561799	0.0
B.59	2466538	0.0
B.59	883415	0.0
B.59	8176326	0.0
B.59	7219907	0.0
B.59	2886376	0.0
B.59	7926675	0.0
B.59	4716188	0.0
B.59	2368917	0.0
B.59	63069	0.0
B.59	1072420	0.0
B.59	4518107	0.0
B.59	7602236	0.0
B.59	3775762	0.0
B.59	875764	0.0
B.59	2999201	0.0
B.59	7288580	0.0
B.59	6947974	0.0
B.59	875765	0.0
B.59	6595036	0.0
B.59	523030	0.0
B.59	875749	0.0
B.59	9171410	0.0
B.59	8131007	0.0
B.59	997031	0.0
B.59	1661964	0.0
B.59	8902196	0.0
B.59	6381976	0.0
B.59	2857463	2.0
B.59	8361655	0.0
B.59	8361654	0.0
B.59	8248517	3.0
B.59	9291522	3.0
B.59	4828778	3.0
B.59	3157000	2.0
B.59	3805934	0.0
B.59	457718	0.0
B.59	6162059	0.0
B.59	614992	0.0
B.59	722708	0.0
B.59	30254	0.0
B.59	21451	0.0
B.59	259746	3.0
B.59	385182	3.0
B.59	1662244	0.0
B.59	16898	2.0
B.59	29991	0.0
B.59	369480	0.0
B.59	446200	0.0
B.59	2965645	0.0
B.59	2919616	0.0
B.59	3475135	0.0
B.59	2598935	0.0
B.59	2348454	0.0
B.59	6907	0.0
B.59	6908	0.0
B.59	5826849	0.0
B.59	2114960	0.0
B.59	5494595	0.0
B.59	24446	0.0
B.59	4679281	0.0
B.6	4248055	0.0
B.6	509319	0.0
B.6	4848285	0.0
B.6	7777085	0.0
B.6	7776273	0.0
B.6	2328983	0.0
B.6	1684425	0.0
B.6	2136342	0.0
B.6	5396258	0.0
B.6	7137782	0.0
B.6	4350107	0.0
B.6	4622529	0.0
B.6	3974357	0.0
B.6	3303111	0.0
B.6	546593	0.0
B.6	6895461	0.0
B.6	1272633	0.0
B.6	5009275	0.0
B.6	5622094	0.0
B.6	5152144	0.0
B.6	6326024	0.0
B.6	2105768	0.0
B.6	2932929	1.0
B.6	2675036	0.0
B.6	1750471	0.0
B.6	2835791	0.0
B.6	4676123	0.0
B.6	6130600	0.0
B.6	2122823	0.0
B.6	3161245	0.0
B.6	1353433	0.0
B.6	1521154	0.0
B.6	44046	0.0
B.6	2663	0.0
B.6	8556010	0.0
B.6	164655	0.0
B.6	480121	0.0
B.6	4202279	0.0
B.6	2932746	0.0
B.6	4649861	0.0
B.6	8556613	0.0
B.6	5433069	0.0
B.6	775568	0.0
B.6	3244470	0.0
B.6	35996	0.0
B.6	1521152	0.0
B.6	3258509	0.0
B.6	373678	0.0
B.6	3227484	0.0
B.6	2508482	0.0
B.6	806499	0.0
B.6	672742	0.0
B.6	6372678	0.0
B.6	1939287	0.0
B.6	5566182	0.0
B.6	1611236	0.0
B.6	144931	0.0
B.6	144938	0.0
B.6	3881715	0.0
B.6	3473465	0.0
B.6	4606640	0.0
B.6	175022	0.0
B.6	553113	0.0
B.6	8984742	1.0
B.6	7172121	0.0
B.6	4622530	0.0
B.6	4380820	0.0
B.6	4427549	0.0
B.6	7137781	0.0
B.6	144932	0.0
B.6	4495498	0.0
B.6	7892139	0.0
B.6	1605817	0.0
B.6	642229	0.0
B.6	7526107	0.0
B.6	5097589	0.0
B.6	8819428	0.0
B.6	284542	0.0
B.6	4054689	0.0
B.6	453483	0.0
B.6	7830386	0.0
B.6	7830195	0.0
B.6	2420094	0.0
B.6	1731076	0.0
B.6	8540124	1.0
B.6	4998263	0.0
B.6	2190305	0.0
B.6	1437676	1.0
B.6	1750873	0.0
B.6	4996482	0.0
B.6	5123382	1.0
B.6	8541578	0.0
B.6	7791584	0.0
B.6	4857681	0.0
B.6	5310580	3.0
B.6	6797204	0.0
B.6	1394488	0.0
B.6	7261544	0.0
B.6	7031853	0.0
B.6	7075493	0.0
B.6	3380363	1.0
B.6	2505972	0.0
B.6	2505968	1.0
B.6	523229	1.0
B.6	6383046	0.0
B.6	778525	1.0
B.6	7088968	0.0
B.6	3958814	1.0
B.6	5830072	0.0
B.6	1622946	0.0
B.6	5913596	0.0
B.6	5431877	0.0
B.6	4069173	0.0
B.6	3826266	0.0
B.6	185141	1.0
B.6	2647809	0.0
B.6	4888510	0.0
B.6	4056772	0.0
B.6	8907129	0.0
B.6	923130	0.0
B.6	8249129	0.0
B.6	818065	0.0
B.6	284544	0.0
B.6	230786	0.0
B.6	245248	0.0
B.6	1722109	0.0
B.6	1116864	0.0
B.6	3342784	1.0
B.6	4645298	0.0
B.6	4645299	0.0
B.6	1436473	0.0
B.6	5353146	0.0
B.6	512798	0.0
B.6	341446	0.0
B.6	1330288	0.0
B.6	1364183	0.0
B.6	2163766	0.0
B.6	2270269	1.0
B.6	815479	0.0
B.6	815478	0.0
B.6	533194	0.0
B.6	2249460	0.0
B.6	6729176	0.0
B.6	6661660	0.0
B.6	4622525	0.0
B.6	9006228	0.0
B.6	853539	0.0
B.6	1596700	0.0
B.6	3021754	0.0
B.6	2606175	0.0
B.6	468357	0.0
B.6	3810480	0.0
B.6	2214818	0.0
B.6	6175457	0.0
B.6	5178987	0.0
B.6	8782927	0.0
B.6	2054408	0.0
B.6	97572	0.0
B.6	2997603	0.0
B.6	553111	0.0
B.6	4350110	0.0
B.6	548090	0.0
B.6	5641791	0.0
B.62	538394	0.0
B.62	1381546	0.0
B.62	695140	3.0
B.62	5641181	0.0
B.62	604870	3.0
B.62	8255193	3.0
B.62	3879497	3.0
B.62	3520250	0.0
B.62	4844471	0.0
B.62	8305874	0.0
B.62	2188922	0.0
B.62	8495977	0.0
B.62	8165346	3.0
B.62	4867690	3.0
B.62	4619552	0.0
B.62	8273721	0.0
B.62	294218	0.0
B.62	51002	0.0
B.62	9154568	0.0
B.62	1603846	0.0
B.62	20666	0.0
B.62	7158261	0.0
B.62	299419	0.0
B.62	1394777	0.0
B.62	1267914	0.0
B.62	6886708	0.0
B.62	1072200	3.0
B.62	5617765	1.0
B.62	4404	0.0
B.62	5212450	0.0
B.62	279244	0.0
B.62	5434	0.0
B.62	6459	0.0
B.62	3516773	0.0
B.62	2169092	0.0
B.62	1385832	0.0
B.62	293192	0.0
B.62	40826	0.0
B.62	293187	0.0
B.62	45207	0.0
B.62	5426531	0.0
B.62	28165	0.0
B.62	92361	0.0
B.62	371943	0.0
B.62	6515616	0.0
B.62	162352	0.0
B.62	511100	0.0
B.62	96185	0.0
B.62	9239014	0.0
B.62	846634	0.0
B.62	8675366	0.0
B.62	4074948	0.0
B.62	2790548	0.0
B.62	7743825	0.0
B.62	6093359	0.0
B.62	7052965	0.0
B.62	4754645	0.0
B.62	4291736	0.0
B.62	7055275	0.0
B.62	8124524	0.0
B.62	1475310	0.0
B.62	6386485	0.0
B.62	3852440	0.0
B.62	2186095	0.0
B.62	5035871	0.0
B.62	1179637	0.0
B.62	1099785	0.0
B.62	5892612	0.0
B.62	6354544	0.0
B.62	8006876	2.0
B.62	3367520	0.0
B.62	1302704	0.0
B.62	2411095	1.0
B.62	2926098	1.0
B.62	2414076	2.0
B.62	798047	2.0
B.62	97508	0.0
B.62	8287688	0.0
B.62	535612	0.0
B.62	779105	0.0
B.62	4933159	0.0
B.62	1014	0.0
B.62	8273934	0.0
B.62	270663	0.0
B.62	5684958	1.0
B.62	6916277	1.0
B.62	2926093	3.0
B.62	4461840	3.0
B.62	2226715	0.0
B.62	1810749	0.0
B.62	255941	3.0
B.62	1722116	2.0
B.62	1755745	2.0
B.62	604868	2.0
B.62	2217985	1.0
B.62	125192	0.0
B.62	8229754	0.0
B.62	7599796	0.0
B.62	700	0.0
B.62	524	0.0
B.62	7594	0.0
B.62	115	0.0
B.62	67	0.0
B.62	51350	0.0
B.62	1	0.0
B.62	221294	0.0
B.62	8552666	0.0
B.62	6025739	0.0
B.62	1020205	0.0
B.62	2474222	0.0
B.62	2474221	0.0
B.62	1531676	0.0
B.62	5855865	0.0
B.62	1695458	0.0
B.62	4167459	0.0
B.64	775009	3.0
B.64	406195	3.0
B.64	1659334	3.0
B.64	775010	3.0
B.64	7913239	0.0
B.64	6676985	3.0
B.64	5085711	3.0
B.64	4111488	3.0
B.64	5577383	1.0
B.64	2388739	1.0
B.64	6226868	3.0
B.64	1505409	3.0
B.64	350273	2.0
B.64	1817521	1.0
B.64	3422034	1.0
B.64	7517203	1.0
B.64	2560265	1.0
B.64	879627	1.0
B.64	4334750	1.0
B.64	7615217	0.0
B.64	2619678	0.0
B.64	7018642	0.0
B.64	932631	0.0
B.64	1372241	0.0
B.64	360377	0.0
B.64	5028697	0.0
B.64	8035968	0.0
B.64	1892089	0.0
B.64	7966590	1.0
B.64	5244539	3.0
B.64	3839554	0.0
B.64	1941122	0.0
B.64	5020047	0.0
B.64	402721	0.0
B.64	1615454	0.0
B.64	51002	0.0
B.64	664202	0.0
B.64	5479902	0.0
B.64	4842257	0.0
B.64	28679	0.0
B.64	411956	0.0
B.64	7230033	0.0
B.64	1558288	0.0
B.64	40826	0.0
B.64	1141225	0.0
B.64	1097351	0.0
B.64	4981957	0.0
B.64	536663	0.0
B.64	824364	0.0
B.64	1083349	0.0
B.64	283656	0.0
B.64	3839548	0.0
B.64	7311771	0.0
B.64	4275149	0.0
B.64	8820299	0.0
B.64	6441431	0.0
B.64	6842288	0.0
B.64	3156165	0.0
B.64	3967287	0.0
B.64	2852767	0.0
B.64	4275152	0.0
B.64	5845841	0.0
B.64	4441789	0.0
B.64	3704403	0.0
B.64	8673082	0.0
B.64	7728626	0.0
B.64	5099305	0.0
B.64	6247661	0.0
B.64	7388549	0.0
B.64	4995683	0.0
B.64	4995682	0.0
B.64	4460823	0.0
B.64	4789025	0.0
B.64	3508736	2.0
B.64	4758944	0.0
B.64	61397	0.0
B.64	8306765	0.0
B.64	9060256	0.0
B.64	8064492	0.0
B.64	6972703	0.0
B.64	4749650	1.0
B.64	5574556	2.0
B.64	9139717	0.0
B.64	9020540	3.0
B.64	8254384	0.0
B.64	9482	0.0
B.64	13245	0.0
B.64	2061623	0.0
B.64	1913857	0.0
B.64	5921	0.0
B.64	919351	0.0
B.64	1527123	0.0
B.64	1259234	0.0
B.64	1379111	0.0
B.64	622705	0.0
B.64	6161491	0.0
B.64	5864551	0.0
B.64	1913313	0.0
B.64	403	0.0
B.64	115	0.0
B.64	67	0.0
B.64	191238	0.0
B.64	319	0.0
B.64	524	0.0
B.64	4754437	0.0
B.64	7594	0.0
B.64	1727316	0.0
B.64	1	0.0
B.64	6352347	0.0
B.64	4843322	0.0
B.64	3245956	0.0
B.64	8397539	0.0
B.64	5792461	0.0
B.64	32326	0.0
B.64	7735793	0.0
B.64	8315249	2.0
B.64	8107798	0.0
B.64	7062570	0.0
B.65	5120293	0.0
B.65	4818713	0.0
B.65	184125	0.0
B.65	56430	0.0
B.65	3019122	0.0
B.65	9168135	0.0
B.65	5211683	0.0
B.65	5211684	0.0
B.65	8368958	0.0
B.65	650122	0.0
B.65	566407	0.0
B.65	1673926	0.0
B.65	6809861	0.0
B.65	6614065	0.0
B.65	3955390	0.0
B.65	5975406	0.0
B.65	7348071	0.0
B.65	8567500	0.0
B.65	6979052	0.0
B.65	5484896	0.0
B.65	2711322	0.0
B.65	9266735	0.0
B.65	3140658	0.0
B.65	2527509	0.0
B.65	3210558	0.0
B.65	5989576	0.0
B.65	1219230	0.0
B.65	8380856	0.0
B.65	8543906	0.0
B.65	8543907	0.0
B.65	7833298	0.0
B.65	6062048	0.0
B.65	312636	0.0
B.65	5178495	0.0
B.65	449806	0.0
B.65	3162822	0.0
B.65	9321565	0.0
B.65	3329134	0.0
B.65	1934890	0.0
B.65	2728093	0.0
B.65	848083	0.0
B.65	2179877	0.0
B.65	4020294	0.0
B.65	9028592	0.0
B.65	2929974	0.0
B.65	5861268	0.0
B.65	340114	0.0
B.65	8565276	0.0
B.65	2835282	0.0
B.65	3010772	0.0
B.65	3038289	0.0
B.65	4461929	0.0
B.65	3727680	0.0
B.65	848271	0.0
B.65	2419135	0.0
B.65	1626431	0.0
B.65	7477382	0.0
B.65	6906685	0.0
B.65	604073	0.0
B.65	4252681	0.0
B.65	3337127	0.0
B.65	3127590	0.0
B.65	1016115	0.0
B.65	4746876	0.0
B.65	2721651	0.0
B.65	8828761	0.0
B.65	8666272	0.0
B.65	3798623	0.0
B.65	4661756	0.0
B.65	4374163	0.0
B.65	5338317	0.0
B.65	4253513	0.0
B.65	3453029	0.0
B.65	9273964	0.0
B.65	1568747	0.0
B.65	1494653	0.0
B.65	1007754	0.0
B.65	5640461	0.0
B.65	2452478	0.0
B.65	939843	0.0
B.65	4574338	0.0
B.65	5607480	0.0
B.65	8612411	0.0
B.65	1374207	0.0
B.65	8224363	0.0
B.65	8263573	0.0
B.65	98165	0.0
B.65	7767949	0.0
B.65	4341502	0.0
B.65	3330336	0.0
B.65	7365014	0.0
B.65	1450343	0.0
B.65	2585817	0.0
B.65	3529617	0.0
B.65	2987615	0.0
B.65	4283434	0.0
B.65	7618995	0.0
B.65	698266	0.0
B.65	8288065	3.0
B.65	9306389	0.0
B.65	921435	0.0
B.65	1823600	0.0
B.65	7822207	0.0
B.65	4507863	0.0
B.65	6902904	0.0
B.65	1724576	0.0
B.65	116444	0.0
B.65	69627	0.0
B.65	8249381	0.0
B.65	1574896	0.0
B.65	6539664	0.0
B.65	8022084	0.0
B.65	8022071	0.0
B.65	1332711	0.0
B.65	2783847	0.0
B.65	3101587	0.0
B.65	7658623	0.0
B.65	1521581	0.0
B.65	1673502	0.0
B.65	2405670	0.0
B.65	403301	0.0
B.65	1423817	0.0
B.65	2263907	0.0
B.65	736868	0.0
B.65	1135937	0.0
B.65	363270	0.0
B.65	8229754	0.0
B.65	7599796	0.0
B.65	125192	0.0
B.65	87828	0.0
B.65	3625655	0.0
B.65	2660570	0.0
B.65	6186620	0.0
B.65	6154697	0.0
B.65	8957535	0.0
B.65	7484676	0.0
B.65	7612037	1.0
B.65	5415744	0.0
B.65	225866	0.0
B.65	4759668	0.0
B.65	8709254	0.0
B.65	8709253	0.0
B.65	3306394	0.0
B.65	3665738	0.0
B.65	8470515	0.0
B.65	4184134	0.0
B.67	3976441	3.0
B.67	6013218	2.0
B.67	3632716	0.0
B.67	7470692	0.0
B.67	924881	0.0
B.67	2806769	0.0
B.67	19155	0.0
B.67	102736	0.0
B.67	8224815	0.0
B.67	3520348	0.0
B.67	6506198	0.0
B.67	4969639	0.0
B.67	3729955	0.0
B.67	262341	0.0
B.67	516556	2.0
B.67	3976438	2.0
B.67	3541851	2.0
B.67	5244634	0.0
B.67	3947918	2.0
B.67	4775819	0.0
B.67	4124236	0.0
B.67	2473227	0.0
B.67	3058323	2.0
B.67	7315053	0.0
B.67	7813671	0.0
B.67	5709069	0.0
B.67	6646577	0.0
B.67	1876537	0.0
B.67	985892	0.0
B.67	7144103	0.0
B.67	6974209	0.0
B.67	2667071	0.0
B.67	4716900	0.0
B.67	8507090	0.0
B.67	8240474	0.0
B.67	545	0.0
B.67	27612	0.0
B.67	909774	0.0
B.67	169617	0.0
B.67	2940	0.0
B.67	228145	0.0
B.67	3288995	0.0
B.67	637121	0.0
B.67	5033588	0.0
B.67	7049426	0.0
B.67	1803905	0.0
B.67	462884	0.0
B.67	80256	0.0
B.67	48093	0.0
B.67	7872951	0.0
B.67	304915	0.0
B.67	877593	0.0
B.67	367639	0.0
B.67	3651837	0.0
B.67	24749	0.0
B.67	4642690	0.0
B.67	4340381	0.0
B.67	6700903	0.0
B.67	4030278	0.0
B.67	4030276	0.0
B.67	1711927	0.0
B.67	5844819	0.0
B.67	7200669	0.0
B.67	3595180	0.0
B.67	2492212	0.0
B.67	7827403	0.0
B.67	3475830	0.0
B.67	5462254	0.0
B.67	452438	0.0
B.67	8631743	0.0
B.67	254999	0.0
B.67	5714143	0.0
B.67	1993118	0.0
B.67	2242025	0.0
B.67	2201747	0.0
B.67	8734487	0.0
B.67	6291435	0.0
B.67	8664709	0.0
B.67	6484151	0.0
B.67	5529663	0.0
B.67	1388213	0.0
B.67	2583131	0.0
B.67	5506688	0.0
B.67	6439274	0.0
B.67	8418447	0.0
B.67	4758871	0.0
B.67	9333463	0.0
B.67	1645533	0.0
B.67	2685127	0.0
B.67	2022492	0.0
B.67	2319669	0.0
B.67	4627659	0.0
B.67	5409948	0.0
B.67	7071122	0.0
B.67	6098018	3.0
B.67	7148929	3.0
B.67	8879812	2.0
B.67	8866841	3.0
B.67	8362888	3.0
B.67	3576803	3.0
B.67	3576804	3.0
B.67	3576806	2.0
B.67	6740244	2.0
B.67	1469036	2.0
B.67	6286684	0.0
B.67	4978650	0.0
B.67	8739502	0.0
B.67	5427944	0.0
B.67	1452406	0.0
B.67	6372127	0.0
B.67	7844637	2.0
B.67	2230513	0.0
B.67	2230514	0.0
B.67	8021382	2.0
B.67	1611082	3.0
B.67	9339704	0.0
B.67	351951	0.0
B.67	7267517	0.0
B.67	2542768	0.0
B.67	7795175	0.0
B.67	2108219	0.0
B.67	5770961	0.0
B.67	7546065	0.0
B.67	8279059	0.0
B.67	1928582	0.0
B.67	1309257	0.0
B.67	662292	0.0
B.67	2020529	0.0
B.67	1342458	0.0
B.67	776620	3.0
B.67	759944	0.0
B.67	549975	0.0
B.67	1985082	0.0
B.67	87828	0.0
B.67	8229754	0.0
B.67	7599796	0.0
B.67	125192	0.0
B.67	11869	0.0
B.67	43889	0.0
B.67	273793	0.0
B.67	476	0.0
B.67	2333000	0.0
B.67	2333006	0.0
B.67	1457445	0.0
B.67	2546872	0.0
B.67	3465565	0.0
B.67	5753693	0.0
B.67	222319	0.0
B.67	2931430	0.0
B.67	4657320	0.0
B.67	6726157	0.0
B.67	4612844	0.0
B.67	1717124	0.0
B.71	565878	3.0
B.71	414914	3.0
B.71	7184865	3.0
B.71	717836	3.0
B.71	1642651	3.0
B.71	2360617	3.0
B.71	3540873	3.0
B.71	894331	3.0
B.71	3235914	3.0
B.71	9138424	3.0
B.71	717838	3.0
B.71	8841302	3.0
B.71	7879955	0.0
B.71	8851627	0.0
B.71	4347666	0.0
B.71	6250194	0.0
B.71	7819258	0.0
B.71	4780799	0.0
B.71	8847697	0.0
B.71	2011674	3.0
B.71	2873328	3.0
B.71	2873321	3.0
B.71	2662702	1.0
B.71	4521806	3.0
B.71	1123656	0.0
B.71	7600006	0.0
B.71	693068	0.0
B.71	912884	0.0
B.71	168807	0.0
B.71	201806	0.0
B.71	2948336	0.0
B.71	4821791	0.0
B.71	8790904	0.0
B.71	668581	0.0
B.71	2480119	3.0
B.71	1358903	0.0
B.71	1369622	0.0
B.71	4292353	0.0
B.71	628774	0.0
B.71	8108941	0.0
B.71	66871	0.0
B.71	3525402	0.0
B.71	4645680	0.0
B.71	4739288	0.0
B.71	285629	0.0
B.71	8188254	0.0
B.71	2068188	0.0
B.71	8074658	0.0
B.71	9153002	2.0
B.71	231631	0.0
B.71	765117	0.0
B.71	6771809	0.0
B.71	6997179	0.0
B.71	1006884	0.0
B.71	5197182	0.0
B.71	4440774	0.0
B.71	4867822	0.0
B.71	1947692	0.0
B.71	2810711	0.0
B.71	3674436	0.0
B.71	9273964	0.0
B.71	4688086	1.0
B.71	3498622	0.0
B.71	4782031	0.0
B.71	8973673	0.0
B.71	4990568	0.0
B.71	3385298	0.0
B.71	7725431	0.0
B.71	6941640	3.0
B.71	5544230	0.0
B.71	7165916	0.0
B.71	6966800	0.0
B.71	4967098	0.0
B.71	211453	0.0
B.71	4430338	0.0
B.71	76705	0.0
B.71	9148884	0.0
B.71	7803919	1.0
B.71	624352	0.0
B.71	3685485	3.0
B.71	3361888	3.0
B.71	3421447	3.0
B.71	2299135	2.0
B.71	7792453	3.0
B.71	5455064	1.0
B.71	3401080	3.0
B.71	6486984	2.0
B.71	1217793	3.0
B.71	9219114	3.0
B.71	2576835	3.0
B.71	8404055	3.0
B.71	2624934	3.0
B.71	5647583	0.0
B.71	831755	0.0
B.71	4514124	3.0
B.71	167207	0.0
B.71	419095	0.0
B.71	1801203	0.0
B.71	2254321	0.0
B.71	4669	0.0
B.71	7730422	0.0
B.71	1086045	3.0
B.71	1907623	1.0
B.71	1103890	1.0
B.71	2399272	1.0
B.71	1970898	1.0
B.71	159063	1.0
B.71	3949236	0.0
B.71	654597	0.0
B.71	814826	0.0
B.71	3568056	0.0
B.71	8229755	0.0
B.71	8447899	0.0
B.71	7104856	0.0
B.71	4204944	0.0
B.71	7249560	0.0
B.71	4888970	0.0
B.71	7967682	0.0
B.71	3820382	0.0
B.71	4396215	0.0
B.71	4589918	0.0
B.71	6280565	1.0
B.71	5638076	1.0
B.71	4997861	0.0
B.71	4997860	0.0
B.71	2873322	1.0
B.71	6254266	0.0
B.71	3279261	0.0
B.71	6874242	0.0
B.71	6847333	0.0
B.8	6392221	2.0
B.8	9331941	2.0
B.8	1290523	3.0
B.8	8088165	0.0
B.8	919143	2.0
B.8	7781801	0.0
B.8	1121338	1.0
B.8	3572230	0.0
B.8	7225906	0.0
B.8	4574588	0.0
B.8	1545264	0.0
B.8	1293111	1.0
B.8	7492076	0.0
B.8	5218392	0.0
B.8	9086802	0.0
B.8	1293121	1.0
B.8	3037763	0.0
B.8	912254	0.0
B.8	2660399	0.0
B.8	5082111	1.0
B.8	414777	0.0
B.8	3369176	0.0
B.8	8026627	2.0
B.8	8367538	0.0
B.8	5082115	1.0
B.8	3327932	0.0
B.8	6437145	0.0
B.8	8114348	0.0
B.8	1582682	0.0
B.8	5432805	0.0
B.8	9299924	0.0
B.8	6687671	1.0
B.8	6687673	1.0
B.8	5919604	0.0
B.8	5820104	0.0
B.8	288455	0.0
B.8	732327	0.0
B.8	1821518	0.0
B.8	4759051	0.0
B.8	2256378	0.0
B.8	6097877	0.0
B.8	757385	0.0
B.8	3492260	0.0
B.8	5267066	0.0
B.8	6977010	0.0
B.8	8093561	0.0
B.8	2272738	0.0
B.8	4287914	0.0
B.8	5017252	0.0
B.8	2526015	0.0
B.8	1486280	0.0
B.8	4534945	0.0
B.8	1316870	0.0
B.8	3720993	0.0
B.8	3981041	0.0
B.8	114410	0.0
B.8	891182	0.0
B.8	3978406	0.0
B.8	144454	0.0
B.8	5031731	0.0
B.8	3611030	0.0
B.8	8150466	0.0
B.8	4885672	0.0
B.8	4681468	0.0
B.8	2448252	0.0
B.8	7788892	0.0
B.8	2115737	0.0
B.8	8165330	0.0
B.8	1293124	0.0
B.8	7788893	0.0
B.8	4465935	0.0
B.8	8389122	0.0
B.8	8046775	0.0
B.8	7256065	0.0
B.8	2924345	0.0
B.8	6217254	0.0
B.8	7587675	0.0
B.8	223050	0.0
B.8	1667085	0.0
B.8	7715467	0.0
B.8	7743684	0.0
B.8	501546	0.0
B.8	8365604	0.0
B.8	174666	0.0
B.8	5544345	0.0
B.8	8026621	0.0
B.8	3513030	0.0
B.8	8820812	1.0
B.8	7359983	2.0
B.8	9331938	1.0
B.8	9331937	1.0
B.8	1644203	0.0
B.8	8697344	0.0
B.8	2542611	0.0
B.8	4470812	0.0
B.8	6334430	0.0
B.8	2463583	0.0
B.8	7137466	0.0
B.8	6977018	0.0
B.8	1308371	2.0
B.8	1308368	2.0
B.8	2888321	0.0
B.8	1593547	0.0
B.8	7995873	0.0
B.8	25479	0.0
B.8	4096	0.0
B.8	4837683	1.0
B.8	1851713	1.0
B.8	9134887	0.0
B.8	347281	0.0
B.8	882193	0.0
B.8	2343812	0.0
B.8	1658710	0.0
B.8	757628	0.0
B.8	724564	0.0
B.8	1383455	0.0
B.8	1339945	0.0
B.8	36121	0.0
B.8	6873144	0.0
B.8	3611038	0.0
B.8	7413998	0.0
B.8	5218405	0.0
B.8	9165151	0.0
B.8	2593653	0.0
B.8	2646213	0.0
B.8	7734029	0.0
B.8	1231798	0.0
B.8	8352947	0.0
B.8	8596998	0.0
B.8	1208378	0.0
B.8	4711533	1.0
B.82	1932409	0.0
B.82	211828	1.0
B.82	1658951	0.0
B.82	6040133	0.0
B.82	4215868	0.0
B.82	195349	0.0
B.82	4723239	0.0
B.82	3580636	1.0
B.82	9258104	0.0
B.82	8981128	0.0
B.82	7012208	0.0
B.82	4615722	0.0
B.82	8309753	0.0
B.82	9224993	0.0
B.82	4119377	1.0
B.82	6399288	0.0
B.82	1821810	1.0
B.82	1035771	0.0
B.82	3393509	1.0
B.82	3139741	0.0
B.82	1768794	0.0
B.82	1667514	0.0
B.82	2923016	0.0
B.82	2968705	1.0
B.82	2392602	0.0
B.82	1352413	0.0
B.82	7420647	0.0
B.82	6174809	0.0
B.82	4077716	1.0
B.82	4381925	0.0
B.82	5329324	0.0
B.82	6307092	0.0
B.82	3798999	0.0
B.82	8682009	0.0
B.82	8467621	0.0
B.82	1960470	0.0
B.82	4381919	0.0
B.82	7360840	0.0
B.82	1960473	0.0
B.82	7779636	0.0
B.82	2477223	0.0
B.82	4977415	0.0
B.82	7587707	0.0
B.82	1116415	0.0
B.82	2006853	0.0
B.82	1562974	0.0
B.82	6888642	0.0
B.82	6770954	0.0
B.82	4492137	0.0
B.82	6095272	0.0
B.82	5267	0.0
B.82	6583359	0.0
B.82	8936143	0.0
B.82	8115813	0.0
B.82	3887607	0.0
B.82	8276392	0.0
B.82	5859683	0.0
B.82	8626224	0.0
B.82	6387850	0.0
B.82	828437	0.0
B.82	3516813	0.0
B.82	6990778	0.0
B.82	6640543	0.0
B.82	819090	0.0
B.82	559198	0.0
B.82	6455643	1.0
B.82	6969580	0.0
B.82	2278450	0.0
B.82	8889409	0.0
B.82	4906387	0.0
B.82	3955003	0.0
B.82	7558308	0.0
B.82	9229074	0.0
B.82	3680362	0.0
B.82	3255958	0.0
B.82	2174766	0.0
B.82	5348347	0.0
B.82	6207290	0.0
B.82	9170656	0.0
B.82	939571	0.0
B.82	5486891	0.0
B.82	941086	0.0
B.82	3103233	0.0
B.82	6314019	0.0
B.82	7639164	0.0
B.82	9096406	0.0
B.82	6134631	0.0
B.82	5188180	0.0
B.82	6799774	0.0
B.82	2627662	0.0
B.82	8601409	0.0
B.82	3625540	0.0
B.82	2337380	0.0
B.82	7198682	0.0
B.82	2129357	1.0
B.82	106182	0.0
B.82	5189437	1.0
B.82	7480808	0.0
B.82	8842075	0.0
B.82	5123886	0.0
B.82	8390023	0.0
B.82	4057993	0.0
B.82	4057992	0.0
B.82	3474605	0.0
B.82	206023	0.0
B.82	7360598	0.0
B.82	3858688	0.0
B.82	3231551	0.0
B.82	4385421	0.0
B.82	143988	0.0
B.82	8557646	0.0
B.82	8557647	0.0
B.82	3890967	0.0
B.82	7872604	0.0
B.82	1977522	0.0
B.82	2265934	0.0
B.82	2625169	0.0
B.82	12245	0.0
B.82	383245	0.0
B.82	120159	0.0
B.82	228449	0.0
B.82	6708575	0.0
B.82	6447328	0.0
B.82	5048872	0.0
B.82	3421225	0.0
B.82	8598666	0.0
B.82	1154956	0.0
B.82	2289034	0.0
B.82	1206727	0.0
B.82	800471	0.0
B.82	1725080	0.0
B.82	1725081	0.0
B.82	1773546	0.0
B.82	1773548	0.0
B.82	881949	0.0
B.82	566223	0.0
B.82	1491618	0.0
B.82	3355587	0.0
B.82	3569531	0.0
B.82	6455642	1.0
B.82	4752584	0.0
B.82	2911091	0.0
B.82	3949472	0.0
B.82	7812877	0.0
B.82	5227113	0.0
B.82	2734112	0.0
B.82	2468363	0.0
B.82	2098897	0.0
B.82	130671	0.0
B.82	1447055	0.0
B.82	7896390	0.0
B.82	6150298	0.0
B.82	7746675	0.0
B.82	4504035	0.0
B.82	21587	0.0
B.82	1380143	0.0
B.82	8074885	0.0
B.82	4429481	0.0
B.82	5270483	0.0
B.82	4147225	0.0
B.82	92953	0.0
B.82	5227836	0.0
B.82	3284968	0.0
B.82	8860485	0.0
B.84	4420217	2.0
B.84	6549593	0.0
B.84	6492580	1.0
B.84	2493368	0.0
B.84	6444899	1.0
B.84	9113801	0.0
B.84	8050426	1.0
B.84	6404095	0.0
B.84	8229746	0.0
B.84	1067413	0.0
B.84	960842	0.0
B.84	48093	0.0
B.84	6058311	0.0
B.84	6392570	0.0
B.84	5682741	0.0
B.84	5705920	0.0
B.84	7812990	0.0
B.84	557097	0.0
B.84	4994674	0.0
B.84	2734893	0.0
B.84	2626310	0.0
B.84	8440567	0.0
B.84	4744830	0.0
B.84	3690716	0.0
B.84	7847951	0.0
B.84	5786027	0.0
B.84	7500263	0.0
B.84	2131284	0.0
B.84	4744831	0.0
B.84	220408	0.0
B.84	8899273	0.0
B.84	3959574	0.0
B.84	8152956	0.0
B.84	1861424	0.0
B.84	22787	0.0
B.84	6180862	0.0
B.84	136684	0.0
B.84	1232093	0.0
B.84	1233403	0.0
B.84	137490	0.0
B.84	20309	0.0
B.84	2815139	0.0
B.84	36883	0.0
B.84	545	0.0
B.84	7841521	0.0
B.84	1582440	0.0
B.84	3976698	0.0
B.84	798722	0.0
B.84	7769719	0.0
B.84	2940	0.0
B.84	143269	0.0
B.84	103277	0.0
B.84	4188333	0.0
B.84	5405332	0.0
B.84	622597	0.0
B.84	1026838	0.0
B.84	8412396	0.0
B.84	1248094	0.0
B.84	2802253	0.0
B.84	3864539	0.0
B.84	6418342	0.0
B.84	1597201	0.0
B.84	4200373	0.0
B.84	5982170	0.0
B.84	3856714	0.0
B.84	3107167	0.0
B.84	1455095	0.0
B.84	8060881	0.0
B.84	6392568	0.0
B.84	7982544	0.0
B.84	1068954	0.0
B.84	6363555	0.0
B.84	9288426	0.0
B.84	701409	0.0
B.84	1143756	0.0
B.84	8529949	0.0
B.84	3264702	0.0
B.84	7366958	0.0
B.84	8195938	0.0
B.84	6969244	0.0
B.84	8286289	0.0
B.84	8493844	0.0
B.84	8180473	0.0
B.84	8180693	0.0
B.84	1226273	0.0
B.84	7053785	0.0
B.84	866928	0.0
B.84	4295525	0.0
B.84	7836805	0.0
B.84	7413335	0.0
B.84	1803739	0.0
B.84	2732406	0.0
B.84	7243132	0.0
B.84	6980512	0.0
B.84	6061438	0.0
B.84	5360026	1.0
B.84	9243756	0.0
B.84	3736998	0.0
B.84	7274784	1.0
B.84	5179863	0.0
B.84	5143166	0.0
B.84	6028648	0.0
B.84	6028647	0.0
B.84	2994989	0.0
B.84	875071	0.0
B.84	6843012	0.0
B.84	7551297	1.0
B.84	2537397	0.0
B.84	5453279	0.0
B.84	5450423	0.0
B.84	8687363	0.0
B.84	1343785	0.0
B.84	6332903	0.0
B.84	500222	0.0
B.84	1559559	0.0
B.84	1218679	0.0
B.84	26680	0.0
B.84	172455	0.0
B.84	172456	0.0
B.84	1152728	0.0
B.84	956407	0.0
B.84	7594	0.0
B.84	700	0.0
B.84	524	0.0
B.84	115	0.0
B.84	67	0.0
B.84	403	0.0
B.84	319	0.0
B.84	125192	0.0
B.84	1	0.0
B.84	1294	0.0
B.84	8712911	0.0
B.84	2286218	0.0
B.84	4770843	0.0
B.84	8193268	0.0
B.84	4868065	0.0
B.84	7857036	0.0
B.84	510654	0.0
B.84	550108	1.0
B.84	2350137	0.0
B.87	8786661	0.0
B.87	2380397	0.0
B.87	5393890	0.0
B.87	2359509	3.0
B.87	7862057	3.0
B.87	2012624	3.0
B.87	3508460	0.0
B.87	4347622	0.0
B.87	5893143	0.0
B.87	4263533	0.0
B.87	5595330	0.0
B.87	7838405	0.0
B.87	2250834	3.0
B.87	6939325	0.0
B.87	6994596	0.0
B.87	4599745	0.0
B.87	8629537	0.0
B.87	9000326	2.0
B.87	8579895	0.0
B.87	177230	0.0
B.87	3100391	0.0
B.87	4274730	0.0
B.87	8017330	0.0
B.87	8686993	0.0
B.87	7357677	0.0
B.87	5603177	0.0
B.87	7209012	0.0
B.87	9300219	0.0
B.87	7917247	0.0
B.87	3496357	0.0
B.87	8186051	0.0
B.87	5067646	0.0
B.87	7805925	0.0
B.87	2629636	0.0
B.87	8958538	0.0
B.87	4190024	0.0
B.87	1869027	0.0
B.87	43414	0.0
B.87	2385897	0.0
B.87	2598280	0.0
B.87	4054296	0.0
B.87	6160336	0.0
B.87	5180209	0.0
B.87	5609979	0.0
B.87	777335	0.0
B.87	6947315	0.0
B.87	3529986	0.0
B.87	4624990	0.0
B.87	2406884	0.0
B.87	423038	0.0
B.87	5619339	0.0
B.87	3287816	0.0
B.87	741056	0.0
B.87	8477326	0.0
B.87	1287640	0.0
B.87	5089940	0.0
B.87	1636968	0.0
B.87	5448842	0.0
B.87	4966505	0.0
B.87	6429638	0.0
B.87	6112266	0.0
B.87	6318078	0.0
B.87	2202501	0.0
B.87	5324440	0.0
B.87	2463053	0.0
B.87	1681588	0.0
B.87	7326896	0.0
B.87	7461173	0.0
B.87	2716972	0.0
B.87	6607889	0.0
B.87	4292205	0.0
B.87	3419654	0.0
B.87	1588715	0.0
B.87	829034	0.0
B.87	3394519	0.0
B.87	2438004	0.0
B.87	2901315	0.0
B.87	5631204	0.0
B.87	3931510	0.0
B.87	3698179	0.0
B.87	8798373	0.0
B.87	8219505	0.0
B.87	804856	0.0
B.87	8219506	0.0
B.87	8037622	0.0
B.87	5527773	0.0
B.87	2036457	0.0
B.87	6276963	0.0
B.87	6451382	0.0
B.87	5179162	0.0
B.87	148795	0.0
B.87	8925029	0.0
B.87	804203	0.0
B.87	8233157	0.0
B.87	331612	0.0
B.87	5881863	0.0
B.87	7920941	0.0
B.87	1324518	0.0
B.87	4233445	0.0
B.87	6765605	0.0
B.87	6280858	0.0
B.87	2412994	1.0
B.87	2412993	0.0
B.87	5866730	0.0
B.87	7212272	0.0
B.87	6010635	0.0
B.87	4431206	0.0
B.87	650955	0.0
B.87	2277313	0.0
B.87	2277312	0.0
B.87	6757384	0.0
B.87	8339618	0.0
B.87	183019	0.0
B.87	1723026	0.0
B.87	518052	0.0
B.87	8278692	0.0
B.87	8271105	0.0
B.87	429158	0.0
B.87	4240947	0.0
B.87	5927639	0.0
B.87	5617499	0.0
B.87	8765854	0.0
B.87	7683554	0.0
B.87	2989558	0.0
B.87	6783076	0.0
B.87	5527212	0.0
B.87	4131282	0.0
B.87	702656	0.0
B.87	1966243	0.0
B.87	2414804	0.0
B.87	1559941	0.0
B.87	1045991	0.0
B.87	1750644	0.0
B.87	1004301	0.0
B.87	1043344	0.0
B.87	2433455	0.0
B.87	1495416	0.0
B.87	4950931	0.0
B.87	6499630	0.0
B.87	6610902	0.0
B.87	2697462	0.0
B.87	7135718	0.0
B.87	9059073	0.0
B.87	6356875	0.0
B.87	8975383	0.0
B.87	966058	0.0
B.87	4659585	0.0
B.87	801954	0.0
B.87	2156186	0.0
B.87	56078	0.0
B.87	495459	0.0
B.87	877763	0.0
B.87	5840456	0.0
B.87	5262324	0.0
B.87	2404208	0.0
B.87	4089284	0.0
B.87	4468566	0.0
B.92	1757721	0.0
B.92	8185052	0.0
B.92	1326	0.0
B.92	4913457	0.0
B.92	2152021	1.0
B.92	2036506	0.0
B.92	7177109	0.0
B.92	7122374	1.0
B.92	3027868	0.0
B.92	8336400	0.0
B.92	459975	0.0
B.92	8235705	0.0
B.92	597410	0.0
B.92	7501654	0.0
B.92	8128501	0.0
B.92	7605032	0.0
B.92	1884572	0.0
B.92	6313512	0.0
B.92	1577546	0.0
B.92	3502230	0.0
B.92	1996132	0.0
B.92	4728368	0.0
B.92	7763190	0.0
B.92	1747773	0.0
B.92	4835634	0.0
B.92	2935249	0.0
B.92	1742631	0.0
B.92	510389	0.0
B.92	3979232	0.0
B.92	5279151	1.0
B.92	835887	0.0
B.92	3730285	0.0
B.92	4563458	0.0
B.92	1335845	0.0
B.92	8492598	0.0
B.92	3169165	0.0
B.92	8917138	0.0
B.92	3326221	0.0
B.92	3277513	0.0
B.92	2912219	0.0
B.92	950852	0.0
B.92	863614	0.0
B.92	7158754	0.0
B.92	589122	0.0
B.92	6982019	0.0
B.92	7591748	0.0
B.92	7793589	0.0
B.92	817364	0.0
B.92	143083	0.0
B.92	1527220	0.0
B.92	585967	0.0
B.92	3938168	0.0
B.92	5669410	0.0
B.92	8812045	0.0
B.92	9261866	0.0
B.92	7922831	0.0
B.92	9020303	0.0
B.92	3115583	0.0
B.92	8202139	0.0
B.92	6957167	0.0
B.92	8235699	0.0
B.92	1568747	0.0
B.92	8221677	0.0
B.92	2536000	0.0
B.92	7274671	0.0
B.92	8613418	0.0
B.92	9039494	0.0
B.92	4329410	0.0
B.92	9039499	0.0
B.92	1235874	0.0
B.92	2275483	0.0
B.92	6894887	0.0
B.92	3071428	0.0
B.92	7679162	0.0
B.92	8214987	0.0
B.92	9067014	0.0
B.92	431624	0.0
B.92	5950979	0.0
B.92	7778274	0.0
B.92	6467947	0.0
B.92	2353050	0.0
B.92	5162168	0.0
B.92	1054111	0.0
B.92	9067015	0.0
B.92	4382235	0.0
B.92	6768155	0.0
B.92	6393230	0.0
B.92	4206059	0.0
B.92	6868430	0.0
B.92	2294077	0.0
B.92	9159804	0.0
B.92	9159799	0.0
B.92	6998408	0.0
B.92	6011139	1.0
B.92	4457680	0.0
B.92	5087705	1.0
B.92	6994707	0.0
B.92	5031658	0.0
B.92	7749530	0.0
B.92	7377814	0.0
B.92	7501657	0.0
B.92	6041485	1.0
B.92	6041496	0.0
B.92	5884611	0.0
B.92	8693297	0.0
B.92	6476915	0.0
B.92	6476912	0.0
B.92	6476914	0.0
B.92	1677629	0.0
B.92	5032835	0.0
B.92	7376513	0.0
B.92	9001189	0.0
B.92	4633404	0.0
B.92	48491	0.0
B.92	408527	0.0
B.92	4953287	0.0
B.92	5751335	0.0
B.92	548658	0.0
B.92	8774687	0.0
B.92	5090567	0.0
B.92	9239992	0.0
B.92	4237232	0.0
B.92	948038	0.0
B.92	1222019	0.0
B.92	470281	0.0
B.92	392241	0.0
B.92	906364	0.0
B.92	1348041	0.0
B.92	597404	0.0
B.92	642891	0.0
B.92	746557	0.0
B.92	4890155	0.0
B.92	8229753	0.0
B.92	8229791	0.0
B.92	8229758	0.0
B.92	454332	0.0
B.92	3226203	0.0
B.92	8229746	0.0
B.92	2700308	0.0
B.92	5824900	0.0
B.92	6507195	0.0
B.92	8745935	0.0
B.92	3904208	0.0
B.92	4012592	0.0
B.92	2943215	0.0
B.92	1102281	0.0
B.92	9231478	0.0
B.92	5308341	0.0
B.92	7543194	0.0
B.92	550008	0.0
B.92	8861762	0.0
B.92	826135	0.0
B.94	18817	3.0
B.94	1805	0.0
B.94	38533	0.0
B.94	18635	0.0
B.94	519	0.0
B.94	1118	0.0
B.94	5879731	0.0
B.94	8326883	0.0
B.94	3790424	0.0
B.94	892466	0.0
B.94	7054978	0.0
B.94	131030	0.0
B.94	342	0.0
B.94	358	0.0
B.94	92	0.0
B.94	22230	0.0
B.94	7786879	0.0
B.94	273	0.0
B.94	115	0.0
B.94	297	0.0
B.94	606	0.0
B.94	599	0.0
B.94	1673428	0.0
B.94	2056	0.0
B.94	255733	0.0
B.94	3194516	0.0
B.94	207478	0.0
B.94	67	0.0
B.94	80930	0.0
B.94	1049	0.0
B.94	6963833	0.0
B.94	6694941	0.0
B.94	6935036	0.0
B.94	985199	0.0
B.94	2553934	0.0
B.94	7484631	0.0
B.94	2971313	0.0
B.94	8970235	0.0
B.94	7382087	0.0
B.94	8158806	0.0
B.94	7132605	0.0
B.94	3004571	0.0
B.94	6694942	0.0
B.94	198158	0.0
B.94	985198	0.0
B.94	1311123	0.0
B.94	2419192	0.0
B.94	7504818	0.0
B.94	6079698	0.0
B.94	5282093	0.0
B.94	4721729	0.0
B.94	1449702	0.0
B.94	111558	1.0
B.94	124570	0.0
B.94	1042084	0.0
B.94	4621752	1.0
B.94	1177655	3.0
B.94	8015169	1.0
B.94	9292087	1.0
B.94	1450785	1.0
B.94	878513	1.0
B.94	934708	1.0
B.94	8868967	1.0
B.94	4465698	1.0
B.94	7959381	0.0
B.94	5788572	0.0
B.94	1830720	1.0
B.94	3710180	0.0
B.94	5097874	1.0
B.94	2578886	0.0
B.94	7348340	1.0
B.94	9225612	0.0
B.94	9225611	0.0
B.94	1414878	1.0
B.94	5806029	1.0
B.94	1555584	1.0
B.94	398159	1.0
B.94	614921	1.0
B.94	5395566	1.0
B.94	3188515	0.0
B.94	628312	3.0
B.94	269236	2.0
B.94	715551	2.0
B.94	687431	0.0
B.94	9906	0.0
B.94	147068	0.0
B.94	3589	0.0
B.94	7619722	0.0
B.94	7593	0.0
B.94	51002	0.0
B.94	8229746	0.0
B.94	7594	0.0
B.94	700	0.0
B.94	27320	0.0
B.94	288351	0.0
B.94	1201015	0.0
B.94	825803	0.0
B.94	6056453	0.0
B.94	8737738	0.0
B.94	8839191	0.0
B.94	6145839	0.0
B.94	6419783	0.0
B.95	5777	3.0
B.95	233696	0.0
B.95	6347766	3.0
B.95	68539	3.0
B.95	8085567	1.0
B.95	4717152	1.0
B.95	2598034	0.0
B.95	3932603	0.0
B.95	4272166	0.0
B.95	1152645	3.0
B.95	1133633	0.0
B.95	148572	0.0
B.95	2666951	3.0
B.95	2121212	0.0
B.95	5177	3.0
B.95	6366022	0.0
B.95	3469510	2.0
B.95	1204330	2.0
B.95	8174441	0.0
B.95	6131528	0.0
B.95	6668	0.0
B.95	141775	0.0
B.95	5415173	0.0
B.95	2393280	0.0
B.95	3164043	1.0
B.95	1326803	0.0
B.95	1528983	0.0
B.95	139272	0.0
B.95	4149752	1.0
B.95	4148445	3.0
B.95	6694844	0.0
B.95	1804763	1.0
B.95	1233484	0.0
B.95	4812764	0.0
B.95	7321916	1.0
B.95	1963231	1.0
B.95	591803	1.0
B.95	4060430	1.0
B.95	5618129	0.0
B.95	5238526	0.0
B.95	4262122	1.0
B.95	7044503	0.0
B.95	2587700	0.0
B.95	8809850	3.0
B.95	62214	2.0
B.95	223658	3.0
B.95	528601	3.0
B.95	7518833	1.0
B.95	452289	3.0
B.95	1036751	3.0
B.95	1134050	2.0
B.95	812973	0.0
B.95	329506	1.0
B.95	4079359	0.0
B.95	1311398	0.0
B.95	2452078	0.0
B.95	1005690	1.0
B.95	2680829	0.0
B.95	236179	0.0
B.95	351778	0.0
B.95	6136008	0.0
B.95	6246327	0.0
B.95	3188227	0.0
B.95	1340753	3.0
B.95	3127899	0.0
B.95	868516	0.0
B.95	8744234	0.0
B.95	4817858	1.0
B.95	6084197	1.0
B.95	3249146	0.0
B.95	3560431	0.0
B.95	931923	0.0
B.97	5778616	3.0
B.97	253149	3.0
B.97	2122633	2.0
B.97	40826	0.0
B.97	8568439	3.0
B.97	684088	3.0
B.97	3166545	3.0
B.97	1517350	3.0
B.97	430780	2.0
B.97	1239337	3.0
B.97	2767031	0.0
B.97	2438615	2.0
B.97	5507	0.0
B.97	2047776	0.0
B.97	10551	0.0
B.97	57547	0.0
B.97	3049665	0.0
B.97	7141083	0.0
B.97	5175753	0.0
B.97	6849344	0.0
B.97	6222573	0.0
B.97	5844329	3.0
B.97	7259073	0.0
B.97	5154394	3.0
B.97	5154387	3.0
B.97	1636677	3.0
B.97	1628335	3.0
B.97	3781063	3.0
B.97	4237541	3.0
B.97	1804434	3.0
B.97	4237540	2.0
B.97	4595445	3.0
B.97	1822493	0.0
B.97	2424256	3.0
B.97	8277115	0.0
B.97	275525	0.0
B.97	365	0.0
B.97	812929	0.0
B.97	5624093	0.0
B.97	102494	0.0
B.97	5273502	0.0
B.97	753730	0.0
B.97	474837	0.0
B.97	4738107	0.0
B.97	1137074	0.0
B.97	2609638	0.0
B.97	168282	0.0
B.97	2710888	0.0
B.97	4643434	0.0
B.97	1236144	0.0
B.97	68499	0.0
B.97	4837078	0.0
B.97	843629	0.0
B.97	536849	0.0
B.97	4857843	0.0
B.97	6069345	0.0
B.97	5273810	0.0
B.97	4764625	0.0
B.97	8095980	0.0
B.97	4840300	0.0
B.97	5772978	0.0
B.97	2022875	0.0
B.97	2078169	0.0
B.97	407756	0.0
B.97	2752196	0.0
B.97	5805060	0.0
B.97	8402822	0.0
B.97	6972908	0.0
B.97	1793646	0.0
B.97	9322694	0.0
B.97	5899496	0.0
B.97	7829487	0.0
B.97	7276989	0.0
B.97	7832831	0.0
B.97	5037512	0.0
B.97	63642	0.0
B.97	6934538	0.0
B.97	87682	0.0
B.97	793894	0.0
B.97	3762216	0.0
B.97	5828463	0.0
B.97	184574	0.0
B.97	6691735	0.0
B.97	6396147	3.0
B.97	1028256	3.0
B.97	2029831	3.0
B.97	1852722	2.0
B.97	456117	3.0
B.97	1587401	2.0
B.97	1587380	2.0
B.97	1587395	2.0
B.97	1337972	1.0
B.97	5746033	2.0
B.97	785785	3.0
B.97	1517351	3.0
B.97	2444302	0.0
B.97	1696670	0.0
B.97	7783490	0.0
B.97	694302	0.0
B.97	442343	0.0
B.97	5050264	0.0
B.97	2682304	0.0
B.97	8298984	0.0
B.97	51743	0.0
B.97	50698	0.0
B.97	7721869	2.0
B.97	7721870	2.0
B.97	7721871	3.0
B.97	7721872	2.0
B.97	5629179	0.0
B.97	2134128	2.0
B.97	2293530	1.0
B.97	1672792	2.0
B.97	794569	1.0
B.97	1081641	3.0
B.97	1451399	2.0
B.97	1604920	3.0
B.97	753086	2.0
B.97	147068	0.0
B.97	7619722	0.0
B.97	7593	0.0
B.97	8229746	0.0
B.97	1067413	0.0
B.97	3589	0.0
B.97	1805	0.0
B.97	7594	0.0
B.97	20335	0.0
B.97	8340393	0.0
B.97	6146235	0.0
B.97	7066297	0.0
B.97	8179217	0.0
B.97	4324441	0.0
B.97	5675783	0.0
B.97	6852871	0.0
B.97	5506656	0.0
B.97	1953716	0.0
B.97	7642986	0.0
B.98	1533619	3.0
B.98	744815	0.0
B.98	976538	3.0
B.98	553557	2.0
B.98	1767832	2.0
B.98	1966962	2.0
B.98	9278146	2.0
B.98	4405933	0.0
B.98	2120271	1.0
B.98	5815710	0.0
B.98	2705517	0.0
B.98	7035285	3.0
B.98	6842127	0.0
B.98	1753909	0.0
B.98	8039337	0.0
B.98	5667217	0.0
B.98	159130	0.0
B.98	3207645	0.0
B.98	2728862	0.0
B.98	9153002	0.0
B.98	3679687	0.0
B.98	6058325	0.0
B.98	9046155	0.0
B.98	1409327	0.0
B.98	4010811	0.0
B.98	8898272	0.0
B.98	3580085	0.0
B.98	6734089	0.0
B.98	4096094	0.0
B.98	1488747	2.0
B.98	997271	0.0
B.98	2375014	2.0
B.98	5409621	0.0
B.98	6482527	0.0
B.98	8452773	0.0
B.98	2368842	0.0
B.98	8785825	0.0
B.98	3534026	0.0
B.98	4759292	0.0
B.98	3538908	0.0
B.98	3650140	0.0
B.98	3465649	0.0
B.98	8287018	0.0
B.98	6112783	0.0
B.98	2389438	0.0
B.98	2409704	0.0
B.98	5743765	0.0
B.98	9039789	0.0
B.98	2634077	0.0
B.98	9010685	0.0
B.98	4899444	0.0
B.98	7172524	0.0
B.98	1035112	0.0
B.98	4143892	0.0
B.98	7812037	0.0
B.98	4792966	0.0
B.98	3033110	0.0
B.98	1479451	0.0
B.98	4327494	0.0
B.98	2138582	0.0
B.98	3559908	0.0
B.98	2382504	0.0
B.98	7553914	0.0
B.98	8815722	0.0
B.98	5833174	0.0
B.98	4564364	0.0
B.98	306982	0.0
B.98	4990568	0.0
B.98	4642314	0.0
B.98	1076041	0.0
B.98	6661989	0.0
B.98	9210120	0.0
B.98	6450975	0.0
B.98	1166848	0.0
B.98	968493	0.0
B.98	1397433	0.0
B.98	5422886	0.0
B.98	8079160	0.0
B.98	1370603	0.0
B.98	274015	1.0
B.98	672257	0.0
B.98	5868982	0.0
B.98	6961726	0.0
B.98	2357106	0.0
B.98	5234654	0.0
B.98	5525806	0.0
B.98	4001798	0.0
B.98	8657469	0.0
B.98	4210209	0.0
B.98	146615	0.0
B.98	5411263	0.0
B.98	5185085	0.0
B.98	9292819	0.0
B.98	3247216	3.0
B.98	3946055	1.0
B.98	3247218	2.0
B.98	5334315	1.0
B.98	8235119	0.0
B.98	5731437	2.0
B.98	5731436	2.0
B.98	5731449	2.0
B.98	5731448	2.0
B.98	5962990	0.0
B.98	2377597	0.0
B.98	2748096	0.0
B.98	8560036	0.0
B.98	8568312	2.0
B.98	4200887	1.0
B.98	46	0.0
B.98	1945482	0.0
B.98	3136188	0.0
B.98	1871771	0.0
B.98	1219017	0.0
B.98	242880	0.0
B.98	1277590	0.0
B.98	2325177	0.0
B.98	2325184	0.0
B.98	907484	0.0
B.98	66727	0.0
B.98	412175	0.0
B.98	1497572	0.0
B.98	1093054	0.0
B.98	3226203	0.0
B.98	454332	0.0
B.98	8229758	0.0
B.98	8229791	0.0
B.98	8229746	0.0
B.98	1067413	0.0
B.98	8229753	0.0
B.98	147068	0.0
B.98	7593	0.0
B.98	6813668	0.0
B.98	7967269	0.0
B.98	7967268	0.0
B.98	6611637	0.0
B.98	6752367	0.0
B.98	3031853	0.0
B.98	154229	0.0
B.98	1185277	0.0
B.98	3154410	0.0
B.98	5489106	0.0
B.98	5489105	0.0
