B.1	1047717	2.1903831382483476
B.1	5231999	2.112405984131171
B.1	2610853	2.112405984131171
B.1	8107881	2.015785315231425
B.1	3568466	1.989350140442339
B.1	5785442	1.9044691763994965
B.1	521261	1.90411826909731
B.1	7523566	1.8893155720320993
B.1	3458603	1.8614459461697352
B.1	6777784	1.824358417705911
B.1	3383625	1.8224700737874096
B.1	5817236	1.7924627410529463
B.1	4809176	1.7855866910795275
B.1	1951652	1.7794971485958675
B.1	6705791	1.7724620920882073
B.1	1051844	1.750202261979179
B.1	8854094	1.7446836985879872
B.1	7636039	1.7419815342064733
B.1	8167942	1.7125276369223958
B.1	3953463	1.7018562642496662
B.1	8087471	1.7003548197344982
B.1	6045604	1.6927638868418897
B.1	1042051	1.6800686609225501
B.1	7017169	1.6785342524211908
B.1	7126464	1.5045353426690484
B.1	8204242	1.4738204765645455
B.1	4173058	1.4283393816709606
B.1	5731453	1.278798839137645
B.1	1924124	1.1504375862068965
B.1	5029175	1.0659075460487224
B.1	2981284	0.9689871818404308
B.1	2610852	0.7272053998632946
B.1	8047696	0.606843927125506
B.1	2315434	0.5703256319141803
B.2	1722355	2.2019238936358763
B.2	4579028	2.1904562598204427
B.2	1921430	2.174713410087898
B.2	4283494	2.1510227258370267
B.2	1735439	2.0619668918278373
B.2	358808	2.0043180566315066
B.2	5946241	2.0015124156058657
B.2	1467659	2.0015124156058657
B.2	2674222	2.0015124156058657
B.2	1140541	1.9903630566315071
B.2	5315836	1.9855550992106885
B.2	6081305	1.9769998748133248
B.2	7669563	1.9769998748133248
B.2	4012394	1.9619420970355474
B.2	949226	1.9619420970355474
B.2	2293430	1.9619420970355474
B.2	5905389	1.9619420970355474
B.2	4400004	1.9619420970355474
B.2	76476	1.9619420970355474
B.2	1119625	1.9571341396147288
B.2	2384400	1.9530026885759535
B.2	4775646	1.9394015957446806
B.2	4617330	1.9169085090204916
B.2	2639494	1.9030485090204918
B.2	359117	1.855013120037565
B.2	720632	1.843189938219383
B.2	5465593	1.8305035046529496
B.2	359105	1.8300143826638278
B.2	5598695	1.6271275862245171
B.2	6949061	1.5933755022048015
B.2	363999	1.5744216560509554
B.2	8157172	1.288855072463768
B.2	7802773	0.9997382978723404
B.2	628472	0.6825137392019744
B.3	6845187	2.805216363636364
B.3	4104195	2.799569696969697
B.3	7073349	2.799569696969697
B.3	3070944	2.7990133333333334
B.3	2180137	2.7990133333333334
B.3	2553661	2.791955
B.3	8021206	2.791955
B.3	6992486	2.791955
B.3	6266214	2.791955
B.3	336384	2.791955
B.3	2867996	2.791955
B.3	7322018	2.791275
B.3	8695680	2.7904250000000004
B.3	5549509	2.7904250000000004
B.3	1891160	2.7904250000000004
B.3	7944197	2.7822
B.3	5850211	2.78135
B.3	6928576	2.78135
B.3	8895299	2.78135
B.3	696622	2.78135
B.3	1750781	2.78135
B.3	4997753	2.7497599999999998
B.3	3444126	2.7497599999999998
B.3	4291434	2.7497599999999998
B.3	1041494	2.7497599999999998
B.3	415553	2.6769000000000003
B.3	1271203	2.1695333333333333
B.3	1449888	2.1437916666666665
B.3	85335	2.1437916666666665
B.3	62174	2.1437916666666665
B.3	15259	2.1437916666666665
B.3	7448638	2.1437916666666665
B.3	929635	2.1437916666666665
B.3	194213	2.1437916666666665
B.3	47326	2.1437916666666665
B.3	934108	2.1437916666666665
B.3	1045270	2.1437916666666665
B.3	2450579	2.1437916666666665
B.3	605490	2.1437916666666665
B.3	148975	2.1437916666666665
B.3	1249174	2.1437916666666665
B.3	1351940	2.1437916666666665
B.3	934106	2.1437916666666665
B.3	95253	2.1437916666666665
B.3	1032956	2.1437916666666665
B.3	3101483	2.1437916666666665
B.3	695689	2.1437916666666665
B.3	4848790	2.1437916666666665
B.3	2002512	1.5256666666666665
B.3	6168014	1.5087266666666665
B.3	1397841	0.48195269230769233
B.4	7653499	2.7332730769230773
B.4	9075729	2.6910385574630755
B.4	299356	2.644901715357813
B.4	4119883	2.562282882574461
B.4	4049746	2.553454273504273
B.4	9306103	2.5383695975503064
B.4	1505450	2.50975242401923
B.4	2357339	2.5057608087064382
B.4	806971	2.5045674667542723
B.4	6549692	2.5007784557652615
B.4	4838892	2.4998581550133814
B.4	4838890	2.4998581550133814
B.4	3813412	2.4946946462414523
B.4	3858605	2.494211488346715
B.4	8828456	2.494211488346715
B.4	5984165	2.494211488346715
B.4	3770535	2.491932911939009
B.4	3826172	2.4882413129081185
B.4	411723	2.4882413129081185
B.4	518647	2.4882413129081185
B.4	3861225	2.487758155013382
B.4	7458548	2.487758155013382
B.4	1510448	2.487758155013382
B.4	3001665	2.446461312908119
B.4	776127	2.446461312908119
B.4	237956	2.4095213129081188
B.4	4591595	2.3895740916716157
B.4	806973	2.379598136356708
B.4	8771382	2.293335998130857
B.4	2193560	2.27808822377503
B.4	211024	2.226239229227092
B.4	2076237	2.2201634056447332
B.4	228572	2.139891006156117
B.4	1466959	2.1363176470588234
B.4	5879879	1.9904582579761205
B.4	5879882	1.925919597550306
B.4	5879878	1.925919597550306
B.4	7427499	1.925919597550306
B.4	2258369	1.9063734437041522
B.4	516203	1.887419597550306
B.4	7607391	1.887419597550306
B.4	6895060	1.875099597550306
B.4	764139	1.875099597550306
B.4	6007036	1.6235450492661792
B.4	3888598	1.5848533825995124
B.4	2903247	1.223204678362573
B.4	261792	0.8658017153578128
B.6	5310580	1.821546833642548
B.6	6797204	1.73381
B.6	1394488	1.714368064516129
B.6	7261544	1.714368064516129
B.6	7031853	1.714368064516129
B.6	7075493	1.6593513978494623
B.6	3380363	1.6593513978494623
B.6	2505972	1.6593513978494623
B.6	2505968	1.6593513978494623
B.6	523229	1.6593513978494623
B.6	6383046	1.6593513978494623
B.6	778525	1.6593513978494623
B.6	7088968	1.6593513978494623
B.6	3958814	1.6593513978494623
B.6	5830072	1.5840788383045528
B.6	1622946	1.5840788383045528
B.6	5913596	1.575246023699803
B.6	5431877	1.5596501669758813
B.6	4069173	1.5344149288806432
B.6	3826266	1.5344149288806432
B.6	185141	1.5313786363636364
B.6	2647809	1.5215954284617077
B.6	4888510	1.4057536363636363
B.6	4056772	1.4019036363636364
B.6	8907129	1.4019036363636364
B.6	3303111	1.3044782352941175
B.6	2190305	1.0233333333333332
B.6	5178987	0.9009765306122449
B.8	1290523	2.09354784910739
B.8	4574588	1.5087334979928646
B.8	8026621	1.4935003787269414
B.8	3513030	1.488141711181781
B.8	8820812	1.4767318913319833
B.8	9331941	1.4624486243409762
B.8	7359983	1.4624486243409762
B.8	9331938	1.4304765692031318
B.8	9331937	1.4304765692031318
B.8	1644203	1.4165503787269411
B.8	8697344	1.4060161032148661
B.8	2542611	1.4060161032148661
B.8	4470812	1.4036456570697107
B.8	6334430	1.3876587452639593
B.8	2463583	1.3598430687854208
B.8	7137466	1.3404424375221096
B.8	6977018	1.3313885775396563
B.8	1308371	1.321611093849792
B.8	1308368	1.321611093849792
B.8	2888321	1.313520943765147
B.8	1593547	1.3106454077183234
B.8	2660399	1.2979389833825448
B.8	7995873	1.2891128485270518
B.8	8367538	1.2319079900056598
B.8	4837683	1.1690196117804552
B.8	1851713	1.1373547970295395
B.8	8114348	1.047832030651341
B.8	3327932	1.0449247201562246
B.8	3369176	1.0378547359858101
B.8	1658710	1.0228046942376299
B.8	1293121	0.9946059349488617
B.8	6392221	0.9628783835716707
B.8	8026627	0.9578507507507507
B.8	1121338	0.934111500353857
B.8	5082111	0.9118351266788768
B.8	501546	0.8948835833333333
B.8	4711533	0.8871735722912354
B.8	6217254	0.8847195833333332
B.8	414777	0.8720145833333333
B.8	1293111	0.8710829012421765
B.8	9299924	0.8652205740405245
B.8	7781801	0.8416774596182084
B.8	3572230	0.8338995833333332
B.8	6977010	0.8338995833333332
B.8	347281	0.8338995833333332
B.8	1208378	0.8269778025981305
B.8	1582682	0.8230804628545407
B.8	9134887	0.7887427234299517
B.8	919143	0.7856140835102619
B.8	882193	0.7813795019157088
B.8	6687673	0.7628102373564156
B.8	6687671	0.7628102373564156
B.8	5082115	0.7476105115907273
B.9	3221003	2.646783937580035
B.9	7722017	2.472124983148075
B.9	7597622	2.4563715230501204
B.9	7597621	2.4563715230501204
B.9	4196760	2.455005882024479
B.9	8594292	2.4417583164814083
B.9	402235	2.441083316481408
B.9	6268583	2.404851963177004
B.9	308671	2.395216138434736
B.9	638449	2.364917467377831
B.9	7970883	2.364917467377831
B.9	1167088	2.3138796832738286
B.9	4001834	2.2659596153846158
B.9	308669	2.2627961228027735
B.9	1018100	2.2627961228027735
B.9	8551086	2.250901330742429
B.9	3252219	2.2495356897167866
B.9	4946748	2.2495356897167866
B.9	7668518	2.2488606897167873
B.9	607084	2.235843552964651
B.9	9321973	2.2255090230501207
B.9	672031	2.1897459461270437
B.9	2168331	2.1897459461270437
B.9	7985929	1.814198324742268
B.9	1726299	1.741836916584294
B.10	8347242	2.473545833333333
B.10	2780599	2.3506928793981383
B.10	4222024	2.3315199181488615
B.10	4426829	2.3315199181488615
B.10	1745298	2.2659856324345755
B.10	2314234	2.257601601123595
B.10	2887039	2.257601601123595
B.10	2201032	2.2511886248814053
B.10	2944844	2.131322307692308
B.10	6477059	2.1292
B.10	8844129	2.122530467599411
B.10	1075163	2.1028000000000002
B.10	8864259	2.09048
B.10	2317799	2.0659123076923076
B.10	6977779	2.0619386486486486
B.10	8619640	2.0554803983856784
B.10	1038334	2.0289853153153152
B.10	6694062	2.0271391011235953
B.10	4220436	2.026802906976744
B.10	5445485	2.026802906976744
B.10	7088077	2.026802906976744
B.10	4531525	2.0267391011235953
B.10	8093553	1.993600191962185
B.10	8977829	1.972838797096692
B.10	1324436	1.9323376761647622
B.10	4530669	1.9323376761647622
B.10	1060962	1.9323376761647622
B.10	8127206	1.8988983247422682
B.10	3960770	1.8923829401268835
B.10	248188	1.8923829401268835
B.10	1891343	1.8923829401268835
B.10	577159	1.875798324742268
B.10	577157	1.875798324742268
B.10	1162744	1.8719375
B.10	1662024	1.8719375
B.10	1605036	1.865018324742268
B.10	965103	1.8585844819819821
B.10	506123	1.8585844819819821
B.10	1060964	1.8585844819819821
B.10	374727	1.8518427691867125
B.10	7787346	1.849279934456929
B.10	6042287	1.849279934456929
B.10	7787347	1.849279934456929
B.10	1039843	1.835373324742268
B.10	2820538	1.8317689657679088
B.10	1064648	1.7845630167116424
B.10	6602455	1.7845630167116424
B.10	162617	1.7845630167116424
B.10	1064650	1.7845630167116424
B.10	5450653	1.6685750000000001
B.10	273383	1.656475
B.10	805399	1.648775
B.10	219187	1.639535
B.10	1207811	1.628755
B.10	608889	1.6209802691867126
B.10	2295309	1.5066837725473632
B.10	114653	1.421715485074627
B.10	5404643	0.6385631431767338
B.11	8571936	1.2204885296074517
B.11	8296964	1.2073129740518962
B.11	6647728	1.2069218474362702
B.11	4579579	1.1958961141981608
B.11	7781296	1.1909306306306306
B.11	7781297	1.1909306306306306
B.11	204235	1.1039459311748518
B.11	8886259	1.0794983907185627
B.11	7705623	1.022422584568605
B.11	8203923	0.9698865710709
B.11	3103742	0.9686289156626506
B.11	5530032	0.9648440905874026
B.11	4526987	0.9614092039800994
B.11	8410102	0.9583577586206896
B.11	540711	0.9573152016985137
B.11	6789436	0.9395867772511848
B.11	6789439	0.9395867772511848
B.11	2625979	0.9315039156626506
B.11	4048029	0.9291238360747143
B.11	623854	0.9163405940594058
B.11	6259654	0.9161197956577267
B.11	5061703	0.9051822489959838
B.11	5061706	0.9051822489959838
B.11	5061705	0.9051822489959838
B.11	6385056	0.9046080117078482
B.11	694754	0.8263245614035087
B.11	2454965	0.7754373514431239
B.11	5128368	0.7623608602150537
B.11	2462282	0.7399830973891179
B.11	5099689	0.7335178045515395
B.11	6497778	0.722762248995984
B.11	4455921	0.7055880554475968
B.11	1462135	0.6583305063684374
B.11	5023914	0.655074193548387
B.11	3392150	0.6020591401734103
B.11	9230213	0.5959223744292237
B.12	1297236	2.100828899917287
B.12	1297237	2.100828899917287
B.12	5670435	2.0871817204301077
B.12	380909	1.9582954314092988
B.12	4068793	1.947350036672457
B.12	2070195	1.9259762992987195
B.12	131154	1.9180084237692312
B.12	5113665	1.9070341275815479
B.12	1867365	1.8743731821056864
B.12	5048991	1.8743731821056864
B.12	6469150	1.8738631821056866
B.12	5613894	1.8698493328601404
B.12	553751	1.865574720567225
B.12	1354703	1.865574720567225
B.12	468556	1.865574720567225
B.12	6565813	1.856334720567225
B.12	4748402	1.855850036672457
B.12	2066273	1.8548368184693231
B.12	2285481	1.84354348513599
B.12	3986822	1.8272631821056868
B.12	7073039	1.8270125083088955
B.12	2736939	1.8070976565656562
B.12	3387026	1.8001150083088953
B.12	3736151	1.790628212121212
B.12	39949	1.790628212121212
B.12	7070702	1.790628212121212
B.12	1307287	1.7312904046677957
B.12	396232	1.7312904046677957
B.12	2477784	1.7312904046677957
B.12	6816121	1.6178694733714856
B.12	6265726	1.5975536838978015
B.12	2044268	1.5660694733714855
B.12	3165619	1.5159032575757574
B.12	919701	1.4417907575757574
B.12	474356	1.2924539482076796
B.12	3569910	1.2517327943615255
B.12	5343055	1.2517327943615255
B.12	6270063	1.2365796464646464
B.12	3165607	1.2230555555555556
B.12	4393935	1.2154046464646464
B.12	5004786	1.0603623806558737
B.13	1671289	2.6966218181818182
B.13	706060	2.6769000000000003
B.13	9004863	2.1888146341463415
B.13	814722	2.187885
B.13	9166849	2.1847945945945946
B.13	531508	2.18365
B.13	8870202	2.1811588235294117
B.13	5734512	2.1811588235294117
B.13	3116673	2.1811588235294117
B.13	2360530	2.1798
B.13	2173247	2.1798
B.13	706054	2.1798
B.13	1671286	2.1798
B.13	2451649	2.1798
B.13	8075204	2.1768193548387096
B.13	814714	2.17155
B.13	1975994	2.1695333333333333
B.13	7703189	2.14977
B.13	3342850	2.1261946814681476
B.13	7154815	2.0027666666666666
B.13	226092	1.9737697585548026
B.13	8853583	1.972026903690369
B.13	1300121	1.972026903690369
B.13	7767266	1.7014257934180514
B.13	1710514	1.6573954895489549
B.13	2036674	1.5885691932482724
B.13	8610115	1.4723834523648618
B.13	7761621	1.4716879978194073
B.13	2453013	1.4528354978194074
B.13	25733	1.4393694263908356
B.13	3652104	1.3129202697604228
B.13	2235569	1.2553222222222222
B.13	8861229	1.0465216832504145
B.13	7769043	0.8606333333333333
B.13	768679	0.8315933333333332
B.14	2633696	2.6769000000000003
B.14	2914329	1.8230875860429172
B.14	5551327	1.7385396989173523
B.14	3440970	1.7324354564293323
B.14	7838031	1.7050199971698923
B.14	2011671	1.6764874877069544
B.14	5538914	1.6719016059174572
B.14	8841253	1.6200497415849366
B.14	731858	1.6117095006372988
B.14	1332656	1.575375167175224
B.14	4777706	1.5726183479762332
B.14	1976098	1.5584915581547625
B.14	1286219	1.5422581193418383
B.14	7955921	1.5207092009604946
B.14	2711889	1.5030560957910013
B.14	2711888	1.5030560957910013
B.14	2732117	1.4837583440851132
B.14	9191545	1.475709644194011
B.14	1101393	1.445660469036151
B.14	5084935	1.444103121516165
B.14	5084932	1.444103121516165
B.14	52112	1.444103121516165
B.14	7447053	1.4268647018371157
B.14	1801533	1.357398741763912
B.14	4886554	1.2580165598290596
B.14	5925272	1.2462899158017655
B.14	2729164	1.2201342798141455
B.14	6410492	1.106144416873449
B.14	316590	1.094044416873449
B.14	4411830	1.0870483823782482
B.14	8015142	1.081483413812465
B.14	1045152	1.0614632990538873
B.14	4095753	0.9475837104072398
B.14	2468662	0.9386694096601074
B.14	3117604	0.9237418527708849
B.14	2920912	0.8220059553349877
B.14	7853777	0.8182931392931394
B.16	5790138	1.8800057907005276
B.16	7987016	1.8621894736842106
B.16	6324249	1.8109868417268906
B.16	7623796	1.7911265598307977
B.16	3695838	1.7491602361803928
B.16	6886265	1.7219175461219134
B.16	6886266	1.7219175461219134
B.16	903160	1.6748619905663578
B.16	5384592	1.6730690460579247
B.16	6886282	1.6648962353567982
B.16	8211557	1.6619898628077785
B.16	6379853	1.6602134303695109
B.16	3816191	1.6573900970361775
B.16	1672024	1.654269570720388
B.16	8887322	1.652108196141112
B.16	6359596	1.6517331578947367
B.16	1716545	1.650046386913229
B.16	8219130	1.6489876698253223
B.16	2037251	1.6288430599991406
B.16	7623804	1.6273871524966261
B.16	5083333	1.626306647173489
B.16	436617	1.6135670535579165
B.16	7566823	1.6135670535579165
B.16	3848138	1.6124064692572553
B.16	4638605	1.6033233940751297
B.16	763461	1.6012103508771929
B.16	9088095	1.5796426405855564
B.16	1279881	1.558573430369511
B.16	6695442	1.51113987004767
B.16	3341081	1.4993555908639524
B.16	1554517	1.4804514642505684
B.16	6007670	1.4771763755980862
B.16	5625251	1.4768739112487101
B.16	2612599	1.4468347096188747
B.16	2612602	1.4468347096188747
B.16	7504243	1.4087197096188748
B.16	641227	1.4074986124401914
B.16	7372924	1.3682358290760763
B.16	3461913	1.3279122280701754
B.16	8887319	1.2896601169590642
B.16	255153	1.2868508156990415
B.16	2922415	1.2827658492822966
B.16	3643966	1.27763444646098
B.16	5284785	1.2362305525411466
B.16	1091734	1.2355543038197498
B.16	4610327	1.2150953666216824
B.16	167678	1.2150953666216824
B.16	7349897	1.2033314777327935
B.16	8995150	1.2030158499697519
B.16	2596614	1.201640866873065
B.16	3652722	1.2006716074825619
B.16	912377	1.1680398110661268
B.16	3737940	1.112045218739524
B.16	747072	1.098432718739524
B.16	2140069	1.090055795662601
B.16	1562475	1.0660222836752897
B.16	1067029	0.5217236186174075
B.16	8217967	0.5177438339920949
B.17	7326606	2.0032706410256407
B.17	320832	1.9659135703185702
B.17	2317799	1.9481923076923078
B.17	4156813	1.9114356847545217
B.17	7028825	1.801371888083357
B.17	6154065	1.7910106410256408
B.17	3284965	1.7542540180878552
B.17	4766039	1.738628695652174
B.17	4220436	1.7364409838998212
B.17	5445485	1.7364409838998212
B.17	7088077	1.7364409838998212
B.17	2220547	1.7152298591549298
B.17	7528590	1.692797758561349
B.17	6485024	1.6601827369871784
B.17	5617172	1.6338289743589742
B.17	3179111	1.6041317729329494
B.17	732735	1.5930734782608695
B.17	2556844	1.5930734782608695
B.17	8251038	1.59073
B.17	5447809	1.5881633333333331
B.17	1745298	1.5877549547511314
B.17	1188924	1.58534
B.17	248183	1.5705174999999998
B.17	248194	1.55993
B.17	8241322	1.5534146153846153
B.17	114653	1.53683
B.17	805399	1.53683
B.17	219187	1.52605
B.17	3243708	1.52605
B.17	4870007	1.3973183400809717
B.17	6132675	1.3726284615384614
B.17	1717990	1.358413076923077
B.17	1753392	1.3237630769230768
B.17	68539	1.1918138009049772
B.17	2165360	1.1863843137254901
B.17	1524732	1.1799676470588234
B.17	3903454	1.0875676470588236
B.18	1444331	1.7534869971750475
B.18	2150001	1.5567132232217906
B.18	8055614	1.4934124609148813
B.18	6055145	1.4382633700057903
B.18	4415099	1.4088059574468084
B.18	9170929	1.407461513002364
B.18	4414953	1.4050679498525072
B.18	8398309	1.4044499574468086
B.18	8398310	1.4044499574468086
B.18	7506265	1.4029197614467102
B.18	4854559	1.4009146530989822
B.18	3532445	1.3989476923076922
B.18	2569081	1.3989059574468083
B.18	2569080	1.3989059574468083
B.18	1453117	1.3956899999999999
B.18	3043066	1.3956899999999999
B.18	6136271	1.3914198798798798
B.18	2069707	1.3855411241696474
B.18	373004	1.3845452631578947
B.18	4197231	1.3845452631578947
B.18	4121236	1.3815809574468085
B.18	725498	1.3815733333333333
B.18	2661648	1.332172624113475
B.18	4481412	1.3284013550148481
B.18	30620	1.274821694381364
B.18	2549157	1.2443096900262858
B.18	6858000	1.1359676470588236
B.18	6736672	1.1359676470588236
B.18	8369647	1.0339294502883691
B.18	3638543	0.9356428516461804
B.18	8688013	0.7674129787234042
B.21	8159211	1.3967778980001406
B.21	8159209	1.3967778980001406
B.21	524103	1.3598374272816303
B.21	3113621	1.3598374272816303
B.21	524108	1.1794197136064168
B.21	524109	1.1794197136064168
B.21	524104	1.1794197136064168
B.21	524107	1.1794197136064168
B.21	524106	1.1794197136064168
B.21	6054943	1.068100427665362
B.21	2784674	1.0251320994667676
B.21	9313655	1.0251320994667676
B.21	5859188	1.0181196855079035
B.21	6194125	1.0100707557383388
B.21	2069083	1.002436498520046
B.21	1600653	1.0001727080581004
B.21	1762618	0.994448186301122
B.21	163796	0.9943767650186072
B.21	163798	0.9943767650186072
B.21	163797	0.9943767650186072
B.21	2731576	0.9893956641285796
B.21	3555376	0.9816806944444446
B.21	6737129	0.9816806944444446
B.21	5073391	0.883695216201423
B.21	3529724	0.7270650983519404
B.21	3529729	0.7270650983519404
B.21	8916653	0.6227288799627431
B.21	8916654	0.6227288799627431
B.21	2787343	0.6100862012798138
B.21	3249576	0.5844729509564984
B.21	8934486	0.5543294372294373
B.25	3810621	1.8601411578865772
B.25	6712589	1.8536485099265125
B.25	6712588	1.8536485099265125
B.25	2380208	1.8264713601680582
B.25	8208323	1.8241185562761268
B.25	7341744	1.8177700823495102
B.25	2580594	1.793784758822704
B.25	3280288	1.788488631029229
B.25	8644268	1.7825745238789077
B.25	8644266	1.7825745238789077
B.25	1664907	1.7795249848556483
B.25	787748	1.7795249848556483
B.25	1313761	1.7795249848556483
B.25	775339	1.7741409321588675
B.25	380326	1.758931852987516
B.25	1853946	1.739444260592349
B.25	5828089	1.7319711741332768
B.25	4612797	1.7135732918070474
B.25	8389781	1.709649130154793
B.25	8389780	1.709649130154793
B.25	8208308	1.7091265495096317
B.25	7608265	1.7079158239087677
B.25	1045234	1.7023184786051764
B.25	3282422	1.6988981409342292
B.25	8623976	1.6435049870880754
B.25	7515779	1.6359384602724043
B.25	6309747	1.635201511107174
B.25	5504505	1.6346968813082505
B.25	5437935	1.626324620284467
B.25	1258544	1.626324620284467
B.25	7393050	1.6236488043851738
B.25	7393048	1.6236488043851738
B.25	3044103	1.6236488043851738
B.25	3805703	1.5300114985377928
B.25	1254918	1.490676745519112
B.25	8831012	1.490676745519112
B.25	2385552	1.4355548676813386
B.25	8204081	1.280130790692683
B.25	7857536	1.2757132367523234
B.25	611668	1.2694001932740626
B.25	1607423	1.2331001932740624
B.25	3123405	1.2331001932740624
B.25	1607421	1.2331001932740624
B.25	1605669	1.2200176549641446
B.25	2439220	1.1620269900113274
B.25	1203323	1.14946367365826
B.25	6982480	1.147709829059829
B.25	7514906	1.0701900804791316
B.25	589446	1.0701900804791316
B.25	5339836	1.020659829059829
B.25	5106026	0.9845875163765674
B.25	1552194	0.9813852919598945
B.25	6761298	0.7459169228080325
B.25	4834707	0.4212402834008097
B.25	839241	0.2742413625304136
B.25	8813663	0.18258333333333332
B.25	5851809	0.18258333333333332
B.26	454818	1.9402028953333867
B.26	4987945	1.40689728270142
B.26	5914935	1.1767831732603453
B.26	9338702	1.0914411313511532
B.26	866223	1.0724166860159365
B.26	667134	1.055877333916034
B.26	1989961	1.041272766224688
B.26	4185053	1.0348841226615142
B.26	1189784	1.0217396774384608
B.26	2466032	1.0064075153087577
B.26	473172	1.0059633217603705
B.26	6135280	1.0038405941436717
B.26	3767903	1.0027860758079128
B.26	1027694	1.0011636550937038
B.26	2907406	1.0001325566954269
B.26	9178381	0.9970067352243996
B.26	4137144	0.9846793681318682
B.26	4858868	0.983823056837793
B.26	6923803	0.983823056837793
B.26	2913044	0.9817862065248645
B.26	2643579	0.978235975950429
B.26	5588490	0.9781407771175132
B.26	2404602	0.9765784632924353
B.26	2435216	0.9607065652722361
B.26	7482978	0.8929875388922092
B.26	2068188	0.8509054244303282
B.26	4254772	0.8316188969160967
B.26	8364614	0.823866077730298
B.26	9283766	0.8123808100564969
B.26	6335495	0.7749314806674805
B.26	4405395	0.7647329535495179
B.26	2097172	0.7600136212624584
B.26	1187331	0.7585610093167702
B.26	2967096	0.729599930786268
B.26	1509426	0.7142281135059585
B.26	8650621	0.7002054693034239
B.26	3399154	0.6847210705635518
B.26	8232280	0.6844311107117181
B.26	4600497	0.654455001894657
B.26	7583433	0.647275254725599
B.26	2849860	0.6406108214909
B.26	3023556	0.625304443939968
B.26	5275018	0.6159147041039243
B.26	150708	0.5926234784053156
B.26	3637328	0.5798770235861699
B.26	8806428	0.5570455996482623
B.26	6274264	0.544231370770591
B.26	3312589	0.5331745387260929
B.26	1467334	0.489045899822695
B.26	1018708	0.488191047008547
B.26	8104254	0.4598806621287128
B.26	8364622	0.4391420176329395
B.26	7476036	0.4089438810825566
B.27	5530671	2.737539393939394
B.27	336682	2.6769000000000003
B.27	336681	2.6769000000000003
B.27	1848034	2.4928708333333334
B.27	6618181	2.4719124999999997
B.27	8203485	2.4719124999999997
B.27	3553773	2.4557558333333334
B.27	2984	2.4103458333333334
B.27	7620480	2.1897
B.27	5868989	2.189201666666667
B.27	466573	2.189201666666667
B.27	4521528	2.189201666666667
B.27	1996187	2.189201666666667
B.27	8061502	2.189201666666667
B.27	6354212	2.189201666666667
B.27	8119673	2.189201666666667
B.27	6990429	2.189201666666667
B.27	1302252	2.189201666666667
B.27	8228056	2.189201666666667
B.27	85288	2.189201666666667
B.27	8485461	2.189201666666667
B.27	5616845	2.189201666666667
B.27	6328596	2.189201666666667
B.27	3167039	2.189201666666667
B.27	6571164	2.171051666666667
B.27	1139185	2.1437916666666665
B.27	3409442	2.1437916666666665
B.27	787618	2.1437916666666665
B.27	359741	2.1437916666666665
B.27	136708	2.1437916666666665
B.27	4450965	2.1130666666666666
B.27	2016266	2.001251069361548
B.27	2985	1.7911333333333332
B.27	7527181	1.7641704274679233
B.27	1496727	1.7087102360282147
B.27	2488818	1.6435954703832751
B.27	6951565	1.5238539800995023
B.27	2872058	1.5087266666666665
B.27	1132356	1.5033567251461988
B.27	4233158	1.4974333333333332
B.27	1132362	1.4833166666666666
B.27	8995242	1.4633364341085269
B.27	8995240	1.4633364341085269
B.27	8995241	1.4633364341085269
B.27	8995243	1.4633364341085269
B.27	5584100	1.4431256140350874
B.27	8659918	1.4431256140350874
B.27	5416999	1.4409666666666665
B.27	4630842	1.1276666666666666
B.27	5764897	0.9076637886597937
B.27	4649720	0.8698012886597938
B.28	4550796	1.7429126729891111
B.28	2142841	1.628431656050955
B.28	4001660	1.5188500941087897
B.28	4442280	1.5036989878542508
B.28	3852473	1.45615475410204
B.28	8088869	1.4490124267363114
B.28	419429	1.4303942738633915
B.28	272224	1.4102493223443222
B.28	7285304	1.4098121794871792
B.28	1099301	1.409232624784854
B.28	22502	1.4087193223443222
B.28	520858	1.403296794871795
B.28	25812	1.402203937728938
B.28	9060910	1.398345440729483
B.28	4160682	1.3980454407294831
B.28	2964514	1.3933915945756372
B.28	3360472	1.38724210739615
B.28	5793234	1.38724210739615
B.28	6188208	1.3867166357738645
B.28	4831339	1.3837339377289375
B.28	5314	1.3812871485943776
B.28	1655138	1.3803324633699634
B.28	1655140	1.3803324633699634
B.28	3038117	1.3776238819875775
B.28	1107191	1.3776238819875775
B.28	8009011	1.3189372857265915
B.28	7356529	1.309453396020091
B.28	2527589	1.3011313756308416
B.28	4040498	1.2554384615384615
B.28	7053616	1.2182717391304347
B.28	2885770	1.2147448470070759
B.28	3150926	1.2001217391304346
B.28	4279292	1.2001217391304346
B.28	290146	1.1311068143856353
B.28	8713364	1.0866204819277108
B.28	8742721	1.0789204819277107
B.28	1158519	0.930654964539007
B.28	823302	0.8898454819277108
B.28	8880135	0.8020989743589743
B.29	5883481	2.76015
B.29	51075	2.7319166666666668
B.29	573315	2.7051333333333334
B.29	1719176	2.7051333333333334
B.29	3818572	2.7051333333333334
B.29	8469896	2.6563585818942963
B.29	5812264	2.6257181972789114
B.29	6794879	2.4457866666666668
B.29	9330506	2.4457866666666668
B.29	8557695	2.4457866666666668
B.29	2582704	2.4457866666666668
B.29	2558250	2.4457866666666668
B.29	8031394	2.4457866666666668
B.29	5046443	2.4457866666666668
B.29	6927122	2.3907700000000003
B.29	96002	2.3625366666666667
B.29	7904921	2.3625366666666667
B.29	5985864	2.3625366666666667
B.29	171584	2.3625366666666667
B.29	2798007	2.3625366666666667
B.29	3862092	2.3625366666666667
B.29	1716883	2.3625366666666667
B.29	4787794	2.3075200000000002
B.29	6839504	2.202151261795041
B.29	1588724	2.067633738191633
B.29	1478127	2.048173333333333
B.29	4863976	1.9837036363636364
B.29	19179	1.9667636363636365
B.29	1124099	1.788778064516129
B.29	239466	1.7807113978494624
B.29	3089509	0.9904923076923078
B.30	6502612	2.8020592334494774
B.30	4386868	2.8005742682926833
B.30	6983654	2.7994403100775194
B.30	3221838	2.799304761904762
B.30	4756179	2.799304761904762
B.30	7858864	2.7978187969924813
B.30	287487	2.7978187969924813
B.30	2837849	2.7978187969924813
B.30	360931	2.7978187969924813
B.30	9232443	2.7978187969924813
B.30	3266063	2.7978187969924813
B.30	5590856	2.7978187969924813
B.30	1968105	2.7976766367137356
B.30	5655588	2.7944570460704607
B.30	7778480	2.79256
B.30	7778469	2.790552488687783
B.30	4909064	2.784441290322581
B.30	9058562	2.7839450741063647
B.30	1090985	2.77479
B.30	1986267	2.7684586206896555
B.30	7038407	2.7513
B.30	7167132	2.7275984126984127
B.30	2090789	2.7117225000000005
B.30	7239630	2.7103625000000005
B.30	228737	2.701186666666667
B.30	1327823	2.701186666666667
B.30	744964	2.701186666666667
B.30	6779654	2.6769000000000003
B.30	2609890	2.6769000000000003
B.30	279919	2.6769000000000003
B.30	3903569	2.5554620192307693
B.30	719448	2.2922474948148825
B.30	7239628	2.0883625
B.30	25032	1.6813541585515326
B.30	1410111	1.6439824633286675
B.30	2364352	1.4893956086615248
B.30	6961309	1.4847336782964935
B.30	7150985	1.4813618962432915
B.30	9247806	1.31704021624384
B.30	1083734	1.31704021624384
B.30	8172166	0.8914751861042183
B.30	8173694	0.8914751861042183
B.30	6399687	0.8646961538461538
B.30	2356764	0.8646961538461538
B.30	5481688	0.8646961538461538
B.30	6528480	0.5830227272727272
B.30	7595622	0.5084014285714286
B.32	5949223	1.6474596149558356
B.32	3077254	1.6474596149558356
B.32	7001910	1.494531232033622
B.32	8534661	1.484808872746839
B.32	4842789	1.371955930744904
B.32	3392902	1.2682070503003227
B.32	6749120	1.2357640705023427
B.32	3699519	1.2162136705025535
B.32	354268	1.210984288438834
B.32	6308358	1.2099662640901772
B.32	3727843	1.1797722826086956
B.32	6723815	1.1632100323041275
B.32	9021712	1.0825832656991539
B.32	4777927	1.0790703624733475
B.32	2543446	1.0790703624733475
B.32	8020889	1.0711790581255214
B.32	6509826	1.0669703624733475
B.32	1943701	1.0641585714285713
B.32	7464095	1.0601615233736514
B.32	7841817	1.0601615233736514
B.32	1880242	1.0595385714285714
B.32	5496096	1.0559492929292928
B.32	2246012	1.047850854037267
B.32	423071	1.0427703624733475
B.32	5600531	1.0425985714285715
B.33	5435086	2.566911888111888
B.33	2163949	2.5444280952380955
B.33	8064321	2.5299892582417582
B.33	1318131	2.4697921428571425
B.33	7559844	2.446067142857143
B.33	1701271	2.2812057142857145
B.33	1125540	2.2711542857142857
B.33	3154464	2.25542873015873
B.33	8671023	2.25542873015873
B.33	4598436	2.229541758241758
B.33	320380	2.2152342857142857
B.33	2610783	2.202560248447205
B.33	6126286	2.1549301496763387
B.33	5043765	2.0527767372064556
B.33	2095217	2.0359524692985502
B.33	6084791	2.0335267247386764
B.33	6084790	2.0335267247386764
B.33	4041449	2.032914849094567
B.33	3725958	1.9852260350835036
B.33	782991	1.9752576264941588
B.33	584691	1.9752576264941588
B.33	3989879	1.8270533364895254
B.33	114160	1.7408077086132259
B.33	2014567	1.7408077086132259
B.33	827685	1.7175168672533998
B.33	1607632	1.5505935960591133
B.33	3111052	1.5480077977397855
B.33	1308763	1.5304269293924466
B.33	2320413	1.5304269293924466
B.33	793823	1.5304269293924466
B.33	291367	1.5304269293924466
B.33	28909	1.5304269293924466
B.33	1953603	1.04534
B.33	4724360	1.01233
B.33	4491342	1.01233
B.33	2794113	0.9844199999999999
B.33	4253077	0.7847703018108649
B.33	5435085	0.715795596919127
B.34	761775	2.6769000000000003
B.34	8663545	2.387554166666667
B.34	9193172	2.270191666666667
B.34	5446509	2.1738769230769233
B.34	6575446	2.0566
B.34	6575444	2.0566
B.34	6575445	2.0566
B.34	6606799	1.8634833333333336
B.34	1235245	1.8634833333333336
B.34	6575458	1.6824848039215685
B.34	6575452	1.6824848039215685
B.34	6575454	1.6824848039215685
B.34	6575456	1.6824848039215685
B.34	6575457	1.6824848039215685
B.34	8631327	1.6663514705882352
B.34	8631330	1.6663514705882352
B.34	8631328	1.6663514705882352
B.34	2995685	1.6663514705882352
B.34	8631325	1.6663514705882352
B.34	8631323	1.6663514705882352
B.34	1633785	1.6663514705882352
B.34	3863169	1.6542514705882354
B.34	3863168	1.6542514705882354
B.34	1235246	1.6542514705882354
B.34	4194369	1.5695514705882352
B.34	4255977	1.5458391228070174
B.34	9162881	1.5458391228070174
B.34	7057001	1.1661899999999998
B.34	1744115	1.153275
B.34	1474312	1.153275
B.34	3887796	1.153275
B.34	8245092	1.153275
B.34	1554972	1.153275
B.34	3324753	1.153275
B.34	3324752	1.153275
B.34	5186506	1.153275
B.34	6054381	1.1250416666666667
B.34	5962779	1.1250416666666667
B.34	3196229	1.1250416666666667
B.34	3324139	1.1250416666666667
B.34	1729813	0.5514125
B.35	851751	2.251552757672604
B.35	8681909	2.1776
B.35	7986287	2.1695333333333333
B.35	341762	2.1695333333333333
B.35	3299862	2.1695333333333333
B.35	876847	2.1662117647058823
B.35	876846	2.1662117647058823
B.35	597557	2.1662117647058823
B.35	7760915	2.1662117647058823
B.35	7237461	2.162475
B.35	3118791	2.162475
B.35	3554889	2.15824
B.35	221020	2.15824
B.35	8126212	2.15824
B.35	3554888	2.15824
B.35	9046713	2.15824
B.35	2180982	2.1534
B.35	3254927	2.1534
B.35	5779964	2.1534
B.35	8826395	2.1478153846153845
B.35	6860256	2.1413
B.35	5571135	2.1413
B.35	6860257	2.1413
B.35	6168360	2.1336
B.35	3333261	2.12436
B.35	2680920	2.0566
B.35	78804	2.0566
B.35	220447	1.7813690476190476
B.35	6095943	1.761202380952381
B.35	731937	1.761202380952381
B.35	4232522	1.7487833333333334
B.35	5592546	1.7487833333333334
B.35	1066291	1.7329690476190476
B.35	6204870	1.4939456140350875
B.35	78828	1.4818456140350875
B.36	8018695	1.5386675599669146
B.36	761843	1.4981658521870285
B.36	761842	1.4981658521870285
B.36	5520928	1.4334641770401104
B.36	7304569	1.3710018390079866
B.36	5571575	1.3649979306487696
B.36	8253959	1.360340300546448
B.36	8066660	1.3398445973154363
B.36	2477926	1.3352977007299272
B.36	2631476	1.3341979306487697
B.36	5089646	1.3322998717948717
B.36	7394238	1.329623449612403
B.36	1443231	1.3252183333333334
B.36	8167048	1.325039871794872
B.36	1984370	1.3204500764525995
B.36	2391316	1.3155343673965938
B.36	616418	1.3155343673965938
B.36	3823583	1.3111423841449072
B.36	6951485	1.309085
B.36	6951477	1.309085
B.36	3320501	1.2874500764525996
B.36	7191394	1.2292166666666666
B.36	7191395	1.2292166666666666
B.36	7018452	1.2179174074074073
B.36	5881155	1.1665417431192662
B.36	5209535	1.1274705405405405
B.36	5656686	1.1264766666666666
B.36	7729242	1.1106315384615384
B.36	7394234	1.0357816666666666
B.36	5270995	1.0244832051282051
B.36	4516805	1.0126334097859329
B.36	4510314	0.9947736338797815
B.36	8098351	0.9879543673965937
B.36	2418719	0.8652769555339175
B.36	503589	0.8600179487179487
B.36	7052625	0.7726702265372167
B.36	8248981	0.40086406884347126
B.37	5597486	2.1350220363126216
B.37	4719238	2.0566
B.37	204544	2.0515714751323677
B.37	7055209	1.9396798062237495
B.37	9064869	1.936166324742268
B.37	8466752	1.924308324742268
B.37	5520972	1.924308324742268
B.37	8133662	1.9211877984264785
B.37	225440	1.9177205469644902
B.37	1448886	1.8995523545943036
B.37	5469372	1.8988983247422682
B.37	6473932	1.8988983247422682
B.37	5430177	1.8988983247422682
B.37	1990751	1.8923829401268835
B.37	1998393	1.8847816580756014
B.37	1990755	1.8847816580756014
B.37	6618597	1.8847816580756014
B.37	8662702	1.8847816580756014
B.37	8344920	1.8847816580756014
B.37	8834635	1.875798324742268
B.37	3101614	1.865018324742268
B.37	2544938	1.865018324742268
B.37	149086	1.865018324742268
B.37	7072523	1.865018324742268
B.37	8858502	1.8518427691867125
B.37	2725211	1.8518427691867125
B.37	3816658	1.8518427691867125
B.37	21582	1.8518427691867125
B.37	6027336	1.8518427691867125
B.37	1634814	1.8518427691867125
B.37	8086780	1.835373324742268
B.37	5797355	1.8261967990387482
B.37	7967039	1.8261967990387482
B.37	4146500	1.5888236486486487
B.37	3187159	1.4757627305443095
B.37	25152	1.4747002305443095
B.37	7682694	1.4063921610169492
B.37	357464	1.377715485074627
B.37	4786222	1.3700921610169492
B.37	2251917	1.3545444690714181
B.37	1655550	1.3545444690714181
B.37	4038349	1.0984529850746267
B.37	9318812	0.9689329401268835
B.37	4051636	0.44974925252525255
B.38	3752708	1.7631512052653229
B.38	5946654	1.7518865898807074
B.38	3683047	1.7448612052653227
B.38	26656	1.6525112052653228
B.38	4772649	1.6525112052653228
B.38	7292712	1.6192020097294009
B.38	4088149	1.5952216666666665
B.38	4462459	1.500988128342246
B.38	4981317	1.4978302961744137
B.38	825388	1.4978302961744137
B.38	525502	1.4978302961744137
B.38	1386972	1.4978302961744137
B.38	4353822	1.4978302961744137
B.38	3675680	1.4978302961744137
B.38	9069218	1.4978302961744137
B.38	824911	1.4978302961744137
B.38	2283885	1.4978302961744137
B.38	4139382	1.4978302961744137
B.38	856797	1.4978302961744137
B.38	4020378	1.4978302961744137
B.38	672484	1.4978302961744137
B.38	8104053	1.4978302961744137
B.38	5375127	1.4978302961744137
B.38	692180	1.4978302961744137
B.38	7699216	1.4504070713344623
B.38	329813	1.3673493870835045
B.38	62113	1.3431493870835045
B.38	186993	1.3431493870835045
B.38	2894744	1.325941100638492
B.38	2800632	1.3236191051176731
B.38	1584804	0.6996529787234043
B.40	9152643	1.4124991598969265
B.40	1257497	1.3902461295938962
B.40	5284144	1.3902461295938962
B.40	3794913	1.355841560778056
B.40	3112595	1.3334316367577734
B.40	5512270	1.3205997403493797
B.40	2217515	1.2552344092738315
B.40	8062048	1.2409239867367532
B.40	6055950	1.1796049711231051
B.40	1966744	1.1692938388978897
B.40	2662447	1.150525038947133
B.40	5150893	1.1463259092619937
B.40	2302027	1.1377447368421052
B.40	1939317	1.1121071768430348
B.40	6597818	1.103096783232306
B.40	62375	1.103096783232306
B.40	279054	1.103096783232306
B.40	305369	1.097883340205131
B.40	1389006	1.097883340205131
B.40	6712542	1.0906661605584642
B.40	7424179	1.0896173986695297
B.40	765880	1.0788788952847188
B.40	4652618	1.056673550373351
B.40	7619202	1.030641976965727
B.40	7987105	0.9831228272251309
B.40	565651	0.9585547368421053
B.40	2256644	0.9328880701754387
B.40	68367	0.9328880701754387
B.40	605437	0.9278407496420847
B.40	8867562	0.8634376483279395
B.40	1113840	0.8528769666100735
B.40	1281686	0.8291774595919921
B.40	8983350	0.7994102789171451
B.40	249163	0.756715
B.40	1781304	0.7533600522240229
B.40	668263	0.740915786163522
B.40	1482943	0.6508669497221722
B.40	282257	0.5722826287499092
B.40	282272	0.5722826287499092
B.41	7962838	1.9249228108326155
B.41	3093987	1.8204226353715354
B.41	64106	1.8033414273246804
B.41	3461866	1.7778704710985715
B.41	3461869	1.7778704710985715
B.41	4199743	1.7565015164624553
B.41	5327541	1.7333182749051523
B.41	4702864	1.7174173555520427
B.41	6937907	1.711622092394148
B.41	2757418	1.7007097896111825
B.41	1957571	1.6988401604466496
B.41	5686258	1.6795851966011286
B.41	5686256	1.6795851966011286
B.41	6321683	1.6621522195638767
B.41	3152655	1.661253098720776
B.41	8782628	1.661253098720776
B.41	5082911	1.6605421826592015
B.41	5512738	1.6596002330715867
B.41	575787	1.6591832747755713
B.41	7232009	1.6037034115435398
B.41	641311	1.5916583681664054
B.41	5835825	1.584879786763509
B.41	8238751	1.57572027292831
B.41	34242	1.56725027292831
B.41	6337876	1.4899078397692198
B.41	8691009	1.477104935050252
B.41	8093596	1.401193305794739
B.41	6219196	1.3914149568792522
B.41	1045509	1.3827297379877874
B.41	3274970	1.3621937455156212
B.41	7914186	1.3536914503989301
B.41	4106400	1.32465552319534
B.41	9282890	1.242854105638111
B.41	3369842	1.2283003509364663
B.41	3684034	1.2261359256965942
B.41	8833523	1.2072928229665072
B.41	1469361	1.139025289383252
B.41	4291432	1.1289306625386997
B.41	2442270	1.127540737768443
B.41	2763673	1.0347616928920238
B.41	2169487	1.0205151847554759
B.41	1375812	1.0016929625332536
B.41	7455331	0.9366921924237344
B.41	8094017	0.9178708380449805
B.41	1264469	0.9155366407650929
B.41	6865353	0.860758886639676
B.41	2094675	0.8465112420039268
B.41	6506231	0.844213072160038
B.41	2005529	0.8366136377708978
B.43	8980906	1.8708341991897792
B.43	3475014	1.8699546596398768
B.43	1551978	1.834269728064224
B.43	7735605	1.8326737910497892
B.43	8072375	1.8298398810473153
B.43	8752742	1.8118687261159145
B.43	5143571	1.800482675581025
B.43	4495616	1.7837547168109087
B.43	7672728	1.7489818130665058
B.43	887000	1.6965285285285283
B.43	284359	1.669383827025574
B.43	4786442	1.6649879164820547
B.43	3642741	1.6485226830235893
B.43	1526400	1.6069921506231768
B.43	4271989	1.6040791876602138
B.43	4034451	1.5872960487160432
B.43	2523567	1.5872960487160432
B.43	3127841	1.58077548395651
B.43	5314000	1.5773559907523607
B.43	8922541	1.569289324085694
B.43	581728	1.5365071474824612
B.43	1554268	1.5245844298245612
B.43	3634161	1.5054791666666665
B.43	537844	1.4266662979913551
B.43	2761594	1.2975791666666665
B.43	8545880	1.2946246823746823
B.43	9047133	1.2791697866921363
B.43	4288434	1.1991582437275985
B.43	1943427	1.1690437935228273
B.43	2389138	1.1598749582078989
B.43	596329	1.153693870967742
B.43	3633052	1.1353989738980075
B.43	5014030	1.0610333333333333
B.43	5014029	1.0610333333333333
B.43	1153380	1.0294161522482894
B.43	4055319	0.9518842972250461
B.44	5931377	2.2961159683794463
B.44	5297732	1.9548067290409525
B.44	6072871	1.8868430757008285
B.44	3732361	1.8868430757008285
B.44	3732360	1.8868430757008285
B.44	1537434	1.8868430757008285
B.44	6072873	1.8868430757008285
B.44	5103912	1.8868430757008285
B.44	872945	1.8464168130745664
B.44	905584	1.76512065060958
B.44	7131925	1.76512065060958
B.44	6696363	1.7588001896979426
B.44	8901013	1.7462313101604277
B.44	7133476	1.7445873172762465
B.44	3794557	1.7144409039836568
B.44	86788	1.6917359039836568
B.44	8608798	1.6917359039836568
B.44	95878	1.6917359039836568
B.44	328679	1.6917359039836568
B.44	6141305	1.6716777934667229
B.44	552151	1.6402214109789017
B.44	8538847	1.1813463550148482
B.44	889382	1.127025
B.44	1549160	0.7924370762994966
B.44	8325932	0.6996529787234043
B.44	6222894	0.6996529787234043
B.44	9279006	0.6996529787234043
B.44	7700140	0.6996529787234043
B.44	18292	0.6996529787234043
B.45	2861323	2.324910294117647
B.45	6257213	2.073422156114116
B.45	3677174	1.979655
B.45	3601977	1.8021127385409577
B.45	5335190	1.7172076748991867
B.45	3574586	1.689381725730112
B.45	3827222	1.6628957328131888
B.45	8988417	1.6562955208801078
B.45	8988418	1.6562955208801078
B.45	5990251	1.6275971679389314
B.45	1375589	1.618201333313958
B.45	1108170	1.5394220140927775
B.45	1373877	1.5094019048383225
B.45	1641514	1.4762556527154957
B.45	1641515	1.4762556527154957
B.45	3355006	1.4047397971014493
B.45	7346191	1.3792455749486652
B.45	1929116	1.3756759304932733
B.45	3561387	1.3241697149787748
B.45	6045338	1.3241697149787748
B.45	8684065	1.3241697149787748
B.45	8114093	1.3234581679389312
B.45	3049789	1.3124003193740357
B.45	8772647	1.3112023529411763
B.45	6296440	1.2711585398230087
B.45	6500824	1.2368917024440709
B.45	1544069	1.1979758834766
B.45	820919	1.1804676328502417
B.45	2869582	1.1703875
B.45	4914374	1.067335751633987
B.45	5499301	1.0331573076923077
B.45	5404399	1.0331573076923077
B.45	763649	1.0027306391752577
B.45	7635610	0.9324798198198199
B.45	2655475	0.9314340116132289
B.45	6247425	0.9050826826535185
B.45	8669413	0.90287142647391
B.45	8669412	0.90287142647391
B.45	4714157	0.866456397234144
B.45	8027036	0.8484425
B.45	61469	0.7092511538461538
B.45	8877591	0.42070357142857145
B.46	5068908	2.1632592592592594
B.46	6308225	2.1554166666666665
B.46	5543215	2.1554166666666665
B.46	7367859	2.0956923076923077
B.46	7367860	2.0956923076923077
B.46	4485445	2.0956923076923077
B.46	8525908	2.084833333333333
B.46	6872707	1.959618695652174
B.46	4264108	1.95661
B.46	3806713	1.95661
B.46	3554992	1.95661
B.46	2650441	1.9559886956521737
B.46	5648271	1.9559886956521737
B.46	1484719	1.9559886956521737
B.46	1566027	1.9475186956521737
B.46	6377519	1.9425363427109974
B.46	5440219	1.9425363427109974
B.46	5827965	1.9416629411764705
B.46	484357	1.935435
B.46	4197046	1.9305786956521738
B.46	2404516	1.92031
B.46	3255981	1.9149417725752507
B.46	200383	1.9001433333333333
B.46	2941598	1.9001433333333333
B.46	2772586	1.9001433333333333
B.46	391231	1.9001433333333333
B.46	768248	1.9001433333333333
B.46	3119686	1.88731
B.46	493581	1.87191
B.46	697323	1.862818695652174
B.46	395548	1.695068695652174
B.46	6107601	1.55993
B.46	2340894	1.5534146153846153
B.46	1785649	1.52605
B.46	47107	1.52605
B.46	3894840	1.5129281818181817
B.46	3254068	1.3281844444444444
B.46	7505489	0.6102970855231725
B.47	2931117	2.1674242997198876
B.47	1646449	2.155580952380952
B.47	8147304	2.155580952380952
B.47	4884875	2.155580952380952
B.47	8488518	2.155580952380952
B.47	4180247	2.155580952380952
B.47	1833041	2.155580952380952
B.47	457184	2.155580952380952
B.47	1646447	2.155580952380952
B.47	863169	2.0824226022803485
B.47	863167	2.0824226022803485
B.47	4866260	2.060324115753955
B.47	207872	2.047140476190476
B.47	6208905	2.0436511737089194
B.47	4757218	2.0436511737089194
B.47	6675097	1.908715789473684
B.47	8563957	1.8952666666666664
B.47	378817	1.861558646616541
B.47	2260490	1.861558646616541
B.47	3411467	1.861558646616541
B.47	4833463	1.8596076330532207
B.47	4280260	1.8596076330532207
B.47	166286	1.8596076330532207
B.47	864645	1.8596076330532207
B.47	5636104	1.8242510854341736
B.47	413412	1.8135570426065162
B.47	8887074	1.7813690476190476
B.47	738496	1.7813690476190476
B.47	227837	1.7393238095238093
B.47	758237	1.5438966994692613
B.47	5730393	1.5438966994692613
B.47	1473384	1.453385714285714
B.47	44501	1.4409666666666665
B.47	5902806	1.4409666666666665
B.47	8268095	1.0547714285714285
B.47	5222573	0.5071089285714285
B.47	3179313	0.5071089285714285
B.48	3922641	2.6769000000000003
B.48	9119306	2.249376923076923
B.48	579465	2.249376923076923
B.48	657610	2.2060253136933983
B.48	3757174	1.7967782151778793
B.48	2386647	1.7876546406164757
B.48	2247472	1.7876546406164757
B.48	3313898	1.7876546406164757
B.48	4597100	1.7779006983087835
B.48	3620682	1.7742493333333331
B.48	6489116	1.7659432624113474
B.48	1468997	1.7659432624113474
B.48	2377746	1.7531099290780139
B.48	843437	1.7531099290780139
B.48	2216474	1.7531099290780139
B.48	2247468	1.7531099290780139
B.48	2709834	1.7531099290780139
B.48	687091	1.7531099290780139
B.48	5589477	1.7531099290780139
B.48	672475	1.7531099290780139
B.48	1216296	1.7531099290780139
B.48	1803720	1.7531099290780139
B.48	6331353	1.7531099290780139
B.48	3491488	1.7531099290780139
B.48	1795479	1.7531099290780139
B.48	1042642	1.7531099290780139
B.48	7175989	1.7259032017939004
B.48	392653	1.6207627032967031
B.48	1415471	1.227205128205128
B.48	7052820	1.0279716312056737
B.48	7613160	0.5569346840659339
B.50	8515926	2.6636353893263345
B.50	8245468	2.3792941833281267
B.50	6318071	2.2752659448818897
B.50	8245445	2.178965601561041
B.50	8245447	2.178965601561041
B.50	4008039	1.9440716580756014
B.50	4008067	1.9440716580756014
B.50	4008066	1.9440716580756014
B.50	7369937	1.9138453835657976
B.50	7447694	1.9040461363636367
B.50	2269259	1.9040461363636367
B.50	399472	1.8995074547715969
B.50	4008034	1.8779399344569287
B.50	9073442	1.8740816307139194
B.50	6469394	1.8740816307139194
B.50	1524931	1.8719375
B.50	3706652	1.8691019696969702
B.50	5942192	1.8691019696969702
B.50	9115935	1.866371253791012
B.50	2273997	1.816515075647122
B.50	5357579	1.797369965361365
B.50	2049375	1.7907666413036873
B.50	1961373	1.7599235436826857
B.50	339152	1.749088183147262
B.50	3797969	1.7479064207471413
B.50	6316726	1.634155824742268
B.50	1648761	1.2953680170940172
B.50	4630450	1.1714884615384615
B.50	1282657	0.5303731503900995
B.52	5256084	2.1481962875100455
B.52	1517611	1.942494568871007
B.52	3247225	1.8889475640778486
B.52	1879616	1.8853510579338295
B.52	1054680	1.8335662111349262
B.52	1762133	1.8147429205366357
B.52	4045890	1.7935679205366357
B.52	1354103	1.7430542307445152
B.52	4395479	1.6476745872033023
B.52	4869079	1.6476745872033023
B.52	1841681	1.6476745872033023
B.52	1205636	1.6363470319634703
B.52	3962950	1.6332539325842697
B.52	5316030	1.6298616560509553
B.52	3866524	1.6269377462270223
B.52	6306278	1.5885770095073466
B.52	1621467	1.5533939325842696
B.52	4574992	1.5336428670576734
B.52	434198	1.5126488057157361
B.52	9219523	1.4775985791278785
B.52	5289192	1.4756263448275861
B.52	1503810	1.4226627450980391
B.52	1092829	1.3791438782731777
B.52	320222	1.3791438782731777
B.52	7603019	1.3685539325842697
B.52	8748912	1.2688794117647058
B.52	8216908	1.0632632978723402
B.52	3166420	1.0632632978723402
B.52	3821665	1.0632632978723402
B.52	4457053	1.0451884615384615
B.52	1174392	0.9364401826484018
B.53	2604741	1.6813510451045104
B.53	269688	1.6410810684543273
B.53	4644950	1.6204498184543272
B.53	7181195	1.612708291884279
B.53	8688383	1.5870446969696967
B.53	7029058	1.5870446969696967
B.53	6517608	1.5870446969696967
B.53	3318537	1.5870446969696967
B.53	4353267	1.5384183908045976
B.53	3914413	1.5292753623188404
B.53	3914414	1.5292753623188404
B.53	4794862	1.5246499339933992
B.53	6031551	1.5246499339933992
B.53	2971158	1.5226466666666665
B.53	7530996	1.5193946666666664
B.53	4492701	1.517
B.53	8927551	1.5057066666666665
B.53	1558508	1.5057066666666665
B.53	7122893	1.5057066666666665
B.53	2243313	1.5057066666666665
B.53	3411315	1.5057066666666665
B.53	2415727	1.5057066666666665
B.53	7436715	1.5057066666666665
B.53	1854354	1.495282051282051
B.53	7081899	1.4919753623188403
B.53	8237690	1.4437363465160074
B.53	613443	1.4231107073432163
B.53	7491848	1.2469732673267326
B.53	7491849	1.2469732673267326
B.53	6720397	1.239708695652174
B.53	3762953	1.239708695652174
B.53	8237629	1.2357555555555555
B.53	1459136	1.2357555555555555
B.53	2164395	1.1185728315412184
B.53	270203	1.0520681732580037
B.53	2113499	1.050111111111111
B.53	7203261	1.0478379797979798
B.53	4960355	0.6922713450292397
B.55	1997073	1.928665420798373
B.55	632998	1.7879376685933162
B.55	5021016	1.654041055835937
B.55	8232130	1.5447667779013718
B.55	5774279	1.5435150537634406
B.55	8830204	1.5391590537634405
B.55	7816550	1.520026818469323
B.55	6584850	1.4426674531694654
B.55	1383334	1.4426674531694654
B.55	5927755	1.4426674531694654
B.55	6657996	1.4426674531694654
B.55	5048508	1.4398069611585838
B.55	6612733	1.3777571060643279
B.55	5132493	1.3656571060643277
B.55	5735283	1.3656571060643277
B.55	2879746	1.3656571060643277
B.55	1178579	1.3656571060643277
B.55	7461508	1.3384158655656961
B.55	4216570	1.3304913450292397
B.55	9058732	1.3304913450292397
B.55	1550998	1.3201220776869083
B.55	6707406	1.3201220776869083
B.55	7910164	1.3201220776869083
B.55	3423617	1.287263055591982
B.55	6839504	1.261488888925315
B.55	171584	1.261488888925315
B.55	51075	1.261488888925315
B.55	96002	1.261488888925315
B.55	2798007	1.261488888925315
B.55	3461100	1.261488888925315
B.55	3862092	1.261488888925315
B.55	1716883	1.261488888925315
B.55	1124099	1.1004681732580037
B.55	6961847	1.0872681732580036
B.55	2835653	1.0872681732580036
B.55	239466	0.8969333333333332
B.55	7177145	0.8395878787878788
B.55	2714741	0.7638333333333333
B.55	5592150	0.7638333333333333
B.55	7746745	0.6674981283422459
B.55	6131741	0.6084434782608695
B.55	8721371	0.6076089328063241
B.55	5985864	0.4765648093841641
B.56	334315	1.0705347606721427
B.56	7565618	0.966344936479129
B.56	2295662	0.9524944772491558
B.56	9111628	0.9400440961538461
B.56	4616020	0.9029878461538461
B.56	361635	0.9029878461538461
B.56	601461	0.8826266064616581
B.56	6620282	0.8821895573770491
B.56	5087243	0.880166895303851
B.56	1833155	0.8772300907822157
B.56	5877704	0.8762979660976625
B.56	5072896	0.870410923076923
B.56	5072895	0.870410923076923
B.56	258888	0.8658545573770491
B.56	6814279	0.8630030877192982
B.56	6814278	0.8630030877192982
B.56	9138821	0.8618837493188011
B.56	5476768	0.8600911567262085
B.56	1095107	0.857983828460039
B.56	9151563	0.8560533441295546
B.56	9111361	0.8507697800511509
B.56	3833166	0.8507697800511509
B.56	7955059	0.8492546819221967
B.56	4382871	0.8486837493188011
B.56	6257189	0.7854433962264151
B.56	9196660	0.7764087295597484
B.56	6895264	0.7538220628930817
B.56	7836219	0.7538220628930817
B.56	5193869	0.748175396226415
B.56	5193867	0.748175396226415
B.56	228472	0.7354567013417759
B.56	1364800	0.7354567013417759
B.56	2749174	0.6975359658703071
B.56	7607785	0.6944154395545177
B.56	4160461	0.6087695707070707
B.57	2432771	2.713577777777778
B.57	2432769	2.6604315004374453
B.57	178290	2.486412698412699
B.57	3853908	2.486412698412699
B.57	486589	2.486412698412699
B.57	486588	2.486412698412699
B.57	2970934	2.486412698412699
B.57	8597153	2.486412698412699
B.57	2926887	2.486412698412699
B.57	616032	2.486412698412699
B.57	3308088	2.486412698412699
B.57	295110	2.486412698412699
B.57	7254985	2.486412698412699
B.57	253217	2.486412698412699
B.57	162898	2.486412698412699
B.57	326569	2.486412698412699
B.57	7914814	2.3849142066748694
B.57	8872063	2.2592476190476187
B.57	1064772	2.2592476190476187
B.57	161668	2.2592476190476187
B.57	100226	2.2592476190476187
B.57	8295269	2.2592476190476187
B.57	7110832	2.2592476190476187
B.57	4169997	1.8036177062374243
B.57	1970601	1.8036177062374243
B.57	229164	1.7794177062374243
B.57	1644049	1.5500892857142856
B.57	2411111	1.5155748490945673
B.57	1360021	1.060011111111111
B.58	5565182	1.6781771134230925
B.58	1976441	1.5745537438939876
B.58	6954908	1.5459709948137668
B.58	705573	1.4497675896135689
B.58	6111979	1.4437034971114477
B.58	1107865	1.3636250943396226
B.58	585259	1.3636250943396226
B.58	4482359	1.3528450943396229
B.58	2141821	1.3396695387840671
B.58	5910907	1.3396695387840671
B.58	7859954	1.3287723793936557
B.58	6132617	1.3262300332225911
B.58	5546737	1.3257822393822392
B.58	4395997	1.3254735888863611
B.58	6049991	1.2413936765814833
B.58	2353740	1.2413936765814833
B.58	1313526	1.2413936765814833
B.58	8033812	1.2413936765814833
B.58	7123415	1.1701966666666666
B.58	3153177	1.141060810810811
B.58	885123	1.0691207374586196
B.58	4344468	1.026087176079734
B.58	6204387	1.026087176079734
B.58	8093650	1.020454191263282
B.58	2728446	1.0079371760797342
B.58	2764039	0.9098857038683241
B.58	7411683	0.9053419254658385
B.58	7225122	0.9014257475083056
B.58	2315770	0.8857888244313825
B.59	2660373	2.6938400000000002
B.59	16886	2.6769000000000003
B.59	2857463	2.5071596658492954
B.59	16887	2.4998508764305374
B.59	8361655	2.486825608403471
B.59	8361654	2.486825608403471
B.59	5178932	2.4462598350159324
B.59	731299	2.4462598350159324
B.59	785062	2.4462598350159324
B.59	9269829	2.414078941736804
B.59	8248517	2.3342023931623936
B.59	9291522	2.3279114840714845
B.59	4828778	2.3172623931623937
B.59	7007327	2.316030882895256
B.59	3157000	2.3032876483721667
B.59	3805934	2.2918344916680633
B.59	457718	2.2901952059537773
B.59	6162059	2.2845791465745604
B.59	259746	2.2837713131313135
B.59	713781	2.26921071144647
B.59	5537844	2.26921071144647
B.59	369480	2.227958539287111
B.59	4073338	2.214837110715682
B.59	466934	2.214837110715682
B.59	997031	2.059541769121253
B.59	16898	2.0587767691212537
B.59	3237808	2.048139735868307
B.59	29991	1.9515357186273639
B.59	7288580	1.873507916095779
B.59	875765	1.8686679160957789
B.59	446200	1.7359368686868686
B.59	523030	1.5444080652680652
B.59	1661964	1.5315048457083602
B.59	6381976	1.4714357575757575
B.59	8902196	1.119617711771177
B.59	6046734	0.9640846153846152
B.59	385182	0.8946500230501204
B.59	61210	0.8704817153578128
B.59	1662244	0.8437367195145822
B.59	3697404	0.7638333333333333
B.59	446193	0.7638333333333333
B.59	8131007	0.7638333333333333
B.60	6674	2.7493676923076924
B.60	291543	2.7380743589743592
B.60	3911617	2.7380743589743592
B.60	7778292	2.7380743589743592
B.60	6168412	2.7380743589743592
B.60	6047737	2.7380743589743592
B.60	7810057	2.7380743589743592
B.60	134998	2.7380743589743592
B.60	8088635	2.7380743589743592
B.60	2049932	2.7380743589743592
B.60	7833288	2.7380743589743592
B.60	4129231	2.7380743589743592
B.60	8807936	2.7380743589743592
B.60	5621364	2.7380743589743592
B.60	594762	2.7380743589743592
B.60	3991130	2.7380743589743592
B.60	394546	2.7380743589743592
B.60	5839768	2.7380743589743592
B.60	4482029	2.7380743589743592
B.60	339791	2.737191666666667
B.60	7658543	2.736148484848485
B.62	8255193	2.771430555555556
B.62	3879497	2.5442654761904757
B.62	538394	2.523090476190476
B.62	1072200	2.523090476190476
B.62	2411095	2.502413814234759
B.62	2926098	2.476516036456981
B.62	8165346	2.4710569261228703
B.62	2414076	2.356316214395932
B.62	798047	2.2959253968253965
B.62	4867690	2.2959253968253965
B.62	695140	2.2959253968253965
B.62	4619552	2.2959253968253965
B.62	8305874	2.2959253968253965
B.62	1381546	2.2959253968253965
B.62	4844471	2.2959253968253965
B.62	3520250	2.2959253968253965
B.62	5641181	2.2959253968253965
B.62	604870	2.2959253968253965
B.62	2188922	2.2959253968253965
B.62	8495977	2.2959253968253965
B.62	1302704	1.9936337906315658
B.62	2926093	1.8543571428571428
B.62	1810749	1.830401587301587
B.62	255941	1.6931131557109311
B.62	4461840	1.6192609523809525
B.62	5684958	1.5437402138821628
B.62	8273721	1.5315892857142857
B.62	3367520	1.4417051548899131
B.62	6916277	1.2677464285714284
B.62	5617765	1.0151760714285714
B.63	7337794	1.3776162463566088
B.63	2321534	1.3293257486190524
B.63	4009068	1.2997595518867922
B.63	1488360	1.2730907115559649
B.63	5835782	1.1743232586589425
B.63	5835781	1.1743232586589425
B.63	5322193	1.1628140945722552
B.63	5602160	1.1601305285869745
B.63	5645437	1.1573557098941885
B.63	8919195	1.1496344615559648
B.63	9270748	1.1271718309859153
B.63	7350606	1.1265327378156949
B.63	8467000	1.1027323582458366
B.63	2134128	1.1019789077113327
B.63	5313043	1.101015933669791
B.63	3275277	1.0961760754164378
B.63	1064406	1.0890728187873548
B.63	5513248	1.084223406855402
B.63	5359630	1.0816626471378468
B.63	1471807	1.0779001059322033
B.63	1615782	1.0771026115205269
B.63	1387551	1.0759941176470589
B.63	3161224	1.0759941176470589
B.63	1339179	1.0759941176470589
B.63	1061887	1.0358946899542842
B.63	4841685	0.9934188758389261
B.63	5822173	0.9528690445026178
B.63	6041406	0.9011117486338798
B.63	6041407	0.9011117486338798
B.63	3770380	0.894695081967213
B.63	8783755	0.8122894736842106
B.63	8580360	0.8008151598173516
B.63	4830623	0.7951571884984026
B.63	5904313	0.7951571884984026
B.63	772361	0.7951571884984026
B.63	1955476	0.7642435897435897
B.63	3006872	0.75612
B.63	6173566	0.6626444444444445
B.63	1609472	0.6461749999999999
B.64	775009	2.6769000000000003
B.64	1659334	2.545677777777778
B.64	406195	2.545677777777778
B.64	6676985	2.511576595744681
B.64	4111488	2.3803543735224593
B.64	3422034	2.2108108685658987
B.64	5577383	2.199260868565899
B.64	2388739	2.199260868565899
B.64	6972703	2.0923032009113234
B.64	7615217	2.0892619758616395
B.64	4749650	2.0795886463436766
B.64	350273	2.0764286425283065
B.64	7913239	2.0764286425283065
B.64	4334750	2.0680386463436764
B.64	2560265	2.0680386463436764
B.64	775010	2.0566
B.64	1817521	2.0328214141414147
B.64	5574556	2.015518755608235
B.64	9139717	1.9553272680445557
B.64	7517203	1.9553272680445557
B.64	879627	1.9553272680445557
B.64	9020540	1.9394015957446806
B.64	8064492	1.7795751618927143
B.64	8306765	1.7631057174482696
B.64	4758944	1.7631057174482696
B.64	7966590	1.7304616766467067
B.64	5244539	1.723376595744681
B.64	1505409	1.664442780940333
B.64	5085711	1.261953846153846
B.64	4789025	1.2618476387386304
B.64	6226868	1.2606217391304346
B.65	4574338	1.0863522166963238
B.65	5607480	1.0636316991951706
B.65	8612411	0.9535184615384615
B.65	1374207	0.9486649263721552
B.65	8224363	0.9469605313092979
B.65	8263573	0.9459967391304347
B.65	98165	0.9407382978723404
B.65	7767949	0.9392538152610441
B.65	4341502	0.9352204819277108
B.65	3330336	0.9251371485943775
B.65	7365014	0.9233628205128204
B.65	1450343	0.9179333333333333
B.65	2585817	0.9081314207650273
B.65	3529617	0.9071271867612293
B.65	2987615	0.9021193548387096
B.65	4283434	0.9021193548387096
B.65	7618995	0.8953632978723404
B.65	698266	0.8934058823529412
B.65	8288065	0.8826416666666665
B.65	9306389	0.8747204819277108
B.65	921435	0.8710208480565372
B.65	1823600	0.8706565623422514
B.65	7822207	0.8666494194851085
B.65	4507863	0.8666494194851085
B.65	6902904	0.8657246942103832
B.66	513203	1.9960387314554664
B.66	4854678	1.975328777055606
B.66	3136468	1.9063067160062193
B.66	5569660	1.8377506872852234
B.66	9013464	1.8368713333333333
B.66	7500884	1.8257833333333333
B.66	2215875	1.8205651800388467
B.66	427438	1.8205651800388467
B.66	1477029	1.800106242840779
B.66	633103	1.7945702951283606
B.66	709018	1.6887960090670093
B.66	1816584	1.6645152170315374
B.66	71024	1.6488222757848823
B.66	2735226	1.6356467202293266
B.66	2711686	1.6356467202293266
B.66	6140005	1.6356467202293266
B.66	1587857	1.6356467202293266
B.66	6301862	1.6356467202293266
B.66	1572384	1.6356467202293266
B.66	46942	1.6356467202293266
B.66	2541938	1.6124828172812495
B.66	2436992	1.503047207207207
B.66	6307303	1.492289576174112
B.66	6575330	1.4907901960784313
B.66	1398037	1.4867536284616938
B.66	9082783	1.4867536284616938
B.66	2215876	1.4852396618416814
B.66	2518879	1.4672490322580642
B.66	2209476	1.2740262176598205
B.66	1273595	1.22841
B.66	9337464	1.106491152171492
B.66	721794	1.0620117705882355
B.66	2623726	1.0335555718783864
B.66	6141156	1.030824713716704
B.66	372205	1.02304042049877
B.66	5079999	0.861132156862745
B.66	7756109	0.8600179487179487
B.66	2762724	0.8483894666666666
B.66	135043	0.8260882352941176
B.66	1530198	0.7029524311458687
B.66	1530196	0.7029524311458687
B.66	2794109	0.6445421848739497
B.66	6369517	0.6071823767563707
B.67	6098018	2.1210540270730016
B.67	7148929	2.0716462148108437
B.67	516556	2.0522440404418236
B.67	8879812	2.050501100860677
B.67	8866841	1.9397505626369302
B.67	8362888	1.9375627227251757
B.67	3576803	1.9329650252865846
B.67	3576804	1.9329650252865846
B.67	3576806	1.9329650252865846
B.67	6740244	1.9137323029635365
B.67	1469036	1.812409558170837
B.67	6286684	1.6924336200235788
B.67	4978650	1.6899378830083567
B.67	8739502	1.6859045496750231
B.67	5427944	1.6222259517681876
B.67	1452406	1.6175389952464485
B.67	6372127	1.5754770751327882
B.67	7844637	1.5293225602323464
B.67	2230513	1.5291516260889781
B.67	2230514	1.5291516260889781
B.67	6013218	1.5271889904512543
B.67	8021382	1.4898130890052355
B.67	1611082	1.4865773226703753
B.67	9339704	1.4826212814170232
B.67	351951	1.4685396552733236
B.67	6974209	1.3753836097246694
B.67	5244634	1.3355966105680344
B.67	3058323	1.288644737678855
B.67	3947918	1.284409737678855
B.67	2108219	1.2343627801131576
B.67	4124236	1.2317622320605435
B.67	4775819	1.206546408921933
B.67	1928582	1.1315957209302325
B.67	4716900	1.1037784577723377
B.67	549975	1.1037784577723377
B.67	3976438	1.0728703875968992
B.67	8240474	1.0728703875968992
B.67	6646577	1.0541733503184711
B.67	1876537	1.0478843456683569
B.67	8279059	1.0338453503184712
B.67	3541851	1.0128353503184713
B.67	3632716	0.9689683741648107
B.67	7470692	0.9344044619422572
B.67	3976441	0.8897576285470028
B.67	7813671	0.5640882853825313
B.68	1418106	2.786885454545455
B.68	1704959	2.786885454545455
B.68	5816262	2.7692500000000004
B.68	4297572	2.7563
B.68	2876567	2.7377380952380954
B.68	5877718	2.7377380952380954
B.68	4052819	2.6769000000000003
B.68	4052825	2.6769000000000003
B.68	7952531	2.6769000000000003
B.68	4052816	2.6769000000000003
B.68	7859295	2.6769000000000003
B.68	70648	2.6769000000000003
B.68	1662061	2.6059587096774193
B.68	4521541	2.6051087096774195
B.68	3301300	2.587882519201229
B.68	2228617	2.344942899159664
B.68	6751734	2.3420330952380954
B.68	162117	2.3420330952380954
B.68	8094796	2.315075
B.68	1565844	2.298221470588236
B.68	3107416	2.2935125000000003
B.68	8094802	2.2811950000000003
B.68	351803	2.2811950000000003
B.68	531254	2.2811950000000003
B.68	1673056	2.2811950000000003
B.68	712867	2.2811950000000003
B.68	351800	2.2811950000000003
B.68	531264	2.2811950000000003
B.68	3295635	2.2811950000000003
B.68	120814	2.2811950000000003
B.68	4480372	2.2811950000000003
B.68	214975	2.083220180265655
B.68	92320	2.083220180265655
B.68	1035235	2.083220180265655
B.69	5651048	2.3302071380689027
B.69	7433505	2.063540778607452
B.69	7433504	2.063540778607452
B.69	2508306	1.6126505446623094
B.69	4118079	1.54833039757696
B.69	1046277	1.5003902194386654
B.69	1988563	1.4486077520743146
B.69	99432	1.4429610854076478
B.69	1959800	1.4110218807118808
B.69	2376671	1.3979769414575867
B.69	757874	1.3922521050551648
B.69	2245042	1.3841615029755376
B.69	6817726	1.359682683915748
B.69	19550	1.3549704145497385
B.69	5313670	1.3432384399050024
B.69	3663772	1.3432384399050024
B.69	1453131	1.3420732486704805
B.69	3731057	1.3375917732383358
B.69	2273745	1.330248045537198
B.69	7706719	1.3034407108495722
B.69	8484345	1.2855025748670585
B.69	9198183	1.2796244546381244
B.69	906029	1.2759290808438724
B.69	5411370	1.2601656246805972
B.69	6340633	1.2574593063274127
B.69	7827306	1.2497506053011316
B.69	446568	1.188481738537404
B.69	6692736	1.1883574287126135
B.69	6731054	1.1689378742174554
B.69	4895755	1.131068666778561
B.69	2072306	1.0522432911263666
B.69	697968	1.0390971717171715
B.69	8104230	0.9223720490274446
B.69	2927277	0.9089062262262262
B.69	375874	0.8763245615366919
B.69	61028	0.8456497875166001
B.69	3446998	0.8220597112709005
B.69	1304810	0.8220597112709005
B.69	5594229	0.8177655322665465
B.69	136034	0.7399573853853854
B.69	1915000	0.7300779259259259
B.69	1914999	0.7300779259259259
B.69	3157532	0.7227077441077441
B.69	2410515	0.7211942712496668
B.70	2033183	1.383618729509693
B.70	7806951	1.3777803780744904
B.70	7806950	1.3777803780744904
B.70	1521677	1.334987039226292
B.70	6293297	1.3217873423133244
B.70	9081250	1.295969427378095
B.70	4959534	1.275471041348494
B.70	2536833	1.2671097303715761
B.70	2536834	1.2671097303715761
B.70	6129003	1.2237577655248648
B.70	5497850	1.222760773043662
B.70	4390122	1.2195170909655682
B.70	7135101	1.2153235254620767
B.70	3334712	1.2124706376152266
B.70	2718200	1.2116208354336795
B.70	4153750	1.2109135821936383
B.70	3973485	1.2076165517463262
B.70	1752277	1.2076165517463262
B.70	2112050	1.2019859016511423
B.70	8937048	1.2003279595545542
B.70	610034	1.1860098850796592
B.70	1532607	1.1769552994460382
B.70	2852708	1.1746992085532473
B.70	1828842	1.1731759016511418
B.70	8738390	1.0923043500972116
B.70	2536825	1.0684700567999141
B.70	2517163	1.0684700567999141
B.70	50085	1.0422597082786957
B.70	7825552	1.0359884440400364
B.70	3843592	1.012117234219269
B.70	822053	1.012117234219269
B.70	488478	0.9581209678041257
B.70	245070	0.9581209678041257
B.70	6719346	0.9427608850560733
B.70	6293304	0.8950802743789394
B.70	5276505	0.767396789204281
B.70	555417	0.7439420689655173
B.70	6579027	0.7224616246498599
B.70	4504982	0.6054485465046898
B.70	1231094	0.5888578472039905
B.70	5646938	0.4800640958517923
B.71	7184865	2.5433966475095784
B.71	3361888	2.0693993192657456
B.71	717838	1.887731282051282
B.71	8841302	1.887731282051282
B.71	717836	1.875983863837312
B.71	2360617	1.875983863837312
B.71	565878	1.8611823727559296
B.71	414914	1.8611823727559296
B.71	3421447	1.8596341584702154
B.71	2299135	1.8371495157636792
B.71	7792453	1.8314280856727976
B.71	5455064	1.78397255566017
B.71	3401080	1.7005633317442255
B.71	6486984	1.6913410486357603
B.71	1217793	1.69033720559718
B.71	9219114	1.6854080936489872
B.71	2576835	1.6854080936489872
B.71	8404055	1.6854080936489872
B.71	2624934	1.6768364743862751
B.71	5647583	1.6260017682664873
B.71	831755	1.6150432150620289
B.71	4514124	1.614837912250361
B.71	2873328	1.6041503214738784
B.71	2480119	1.5796325189578355
B.71	2662702	1.5145360077519383
B.71	1086045	1.5097095816464234
B.71	3685485	1.4842358974358971
B.71	3235914	1.4767897435897435
B.71	2011674	1.4767897435897435
B.71	3540873	1.4681025641025638
B.71	9138424	1.4631924191750276
B.71	4521806	1.3146708636255644
B.71	1642651	1.2525153018947353
B.71	6941640	1.1553757525083612
B.71	159063	1.1304409570314353
B.71	1103890	1.0626145702645313
B.71	2873321	1.0345498048496928
B.71	894331	0.8977100870646766
B.71	7803919	0.8528629333333333
B.71	5638076	0.5166830896376351
B.74	27425	2.6769000000000003
B.74	5600907	2.661716677018634
B.74	3992971	2.4565055659075226
B.74	3988620	2.422088023534641
B.74	587252	2.407030245756863
B.74	7764244	2.370392362612587
B.74	3915307	2.349437777777778
B.74	8099248	2.2843044547964113
B.74	3675719	2.2557701634578287
B.74	327962	2.217603690644254
B.74	4546345	2.175764362788392
B.74	4321004	2.145757894736842
B.74	866400	2.142754362788392
B.74	7796646	2.1354897911138333
B.74	7796647	2.1354897911138333
B.74	2437725	2.09895
B.74	3956331	2.062628023534641
B.74	3510297	2.052763397448741
B.74	1435053	2.052763397448741
B.74	2454864	2.046415010351967
B.74	260	2.00627010493357
B.74	1852579	1.9838905936695443
B.74	386170	1.9697739270028776
B.74	2321734	1.9508805936695441
B.74	39768	1.882669992787831
B.74	7102450	1.8821888888888887
B.74	2481393	1.1949713450292396
B.75	6380490	2.6769000000000003
B.75	5966454	2.545123333333333
B.75	89329	2.2508790004262575
B.75	6249698	2.2392200000000004
B.75	8697528	2.230797298852967
B.75	6408665	2.1428714285714285
B.75	6249673	2.0959032624113476
B.75	3411778	2.0933266666666666
B.75	3084140	2.0933266666666666
B.75	7837252	2.0933266666666666
B.75	6368518	2.0933266666666666
B.75	2843143	2.0933266666666666
B.75	1025495	2.0774097055544627
B.75	6892082	2.0656415004262576
B.75	3790615	2.0493542307445156
B.75	7188835	2.0493542307445156
B.75	5793134	2.0476742307445157
B.75	9020918	2.0348408974111822
B.75	50763	2.0348408974111822
B.75	2519292	2.0348408974111822
B.75	796225	2.009947601046816
B.75	3614824	2.005944010976731
B.75	1799989	1.999219698273461
B.75	6975410	1.9932244417101106
B.75	4797894	1.9775165957446807
B.75	6783279	1.976336621350384
B.75	74584	1.9249999999999998
B.75	4407249	1.902673397411182
B.75	2334786	1.8958793969849244
B.75	9114732	1.8843447628376049
B.75	2948328	1.8304432880170507
B.75	9218166	1.8304432880170507
B.75	6963727	1.7671070319634703
B.75	1605972	1.7615155555555555
B.75	2216159	1.7336622074020667
B.75	348978	1.709349386889246
B.75	267184	1.7007573649058156
B.75	2169522	1.6572647264500204
B.75	948436	1.6136415756171132
B.75	121454	1.5985401459356836
B.75	1878418	1.5985401459356836
B.75	203345	1.3921793969849245
B.75	4192068	1.3875765957446808
B.75	5535118	1.385
B.75	7883016	1.3578176013234076
B.75	6380497	0.8770118230069026
B.75	6194912	0.7185345454545454
B.75	890118	0.6570060073260073
B.77	2292495	2.6957222222222224
B.77	87215	2.6769000000000003
B.77	2177407	2.655280111437858
B.77	1876202	2.41787459002628
B.77	4331847	2.4095778534295436
B.77	6757614	2.3866849746416645
B.77	5592138	2.3735094190861092
B.77	3422665	2.355400688927379
B.77	6738661	2.3094892857142857
B.77	6011480	2.3094892857142857
B.77	6502299	2.3094892857142857
B.77	6614792	2.2344250000000003
B.77	3888930	2.183796014978761
B.77	3872546	2.1546736842105263
B.77	1812552	2.1507111111111112
B.77	1298419	2.1413
B.77	6911936	2.1413
B.77	3168540	2.1413
B.77	6790891	2.134152364185111
B.77	7264256	2.1292
B.77	5631908	2.121753846153846
B.77	8512727	2.121753846153846
B.77	1481595	2.121753846153846
B.77	6757640	2.121753846153846
B.77	3881931	2.09048
B.77	7556705	2.09048
B.77	4765102	2.09048
B.77	8353046	2.0439279850746273
B.77	1587826	2.033410714285714
B.77	87037	2.024904373963516
B.77	826799	1.8923829401268835
B.77	17302	1.7750131041222457
B.77	129040	1.7750131041222457
B.77	3538640	1.7750131041222457
B.77	4581908	1.7750131041222457
B.77	826797	1.7100951114378582
B.77	5309462	1.7100951114378582
B.77	8470515	1.648775
B.77	7392	1.4046043739635157
B.77	170011	1.4046043739635157
B.77	7436213	1.3640125
B.77	2706425	1.3640125
B.77	2395900	1.3640125
B.77	7436214	1.3640125
B.77	7436215	1.3640125
B.77	557912	1.3575488184079603
B.77	4950023	1.1884284615384615
B.77	8230082	1.1808995726495728
B.80	3757496	2.6374863686447045
B.80	5659929	2.1481212204958404
B.80	8973652	2.134239360803792
B.80	6781362	2.0935610229758472
B.80	3182965	2.066988735732275
B.80	4269450	2.059403918893013
B.80	7077129	2.0295991499508412
B.80	3581870	2.023574093645735
B.80	5656305	1.940866162605594
B.80	2280754	1.9259532045721621
B.80	1104652	1.864972540120357
B.80	2223599	1.7642195574585169
B.80	2223598	1.7642195574585169
B.80	6235400	1.6681048642915577
B.80	6409480	1.6537571136835223
B.80	5549971	1.514338500115094
B.80	3362614	1.501592958128821
B.80	3928954	1.4736181856393913
B.80	8266677	1.4674947186582887
B.80	563714	1.4352669227839765
B.80	7922591	1.4070561078822057
B.80	1492487	1.3299832916885126
B.80	7657950	1.308291170438368
B.80	6712531	1.3073290476980046
B.80	8966966	1.2748167189280344
B.80	1326475	1.1937920587099704
B.80	5746642	1.1606472485500579
B.80	3053723	1.1494907129605112
B.80	5005161	1.069734531695465
B.80	2224273	1.037667806252561
B.80	3494173	1.0349501591937376
B.80	2920861	1.005335807860262
B.80	478183	0.979015819000819
B.80	968322	0.9208573915214582
B.80	1692575	0.9175463110959995
B.80	5151859	0.9132999999999998
B.80	8287550	0.8954337546127773
B.80	1563316	0.8486687181351755
B.80	8000148	0.7220221621621622
B.80	1403686	0.7155859148033491
B.80	4468361	0.7052618743993088
B.80	4468359	0.7052618743993088
B.80	1413016	0.6734912288288288
B.80	3960467	0.6624900064465465
B.80	5414999	0.6418093138507127
B.80	2070025	0.5927724717454496
B.80	1007201	0.5655051065162906
B.80	7035453	0.49542878261339285
B.80	3962752	0.37815056757171345
B.80	8445402	0.3779748497702368
B.80	6260304	0.37765123049879146
B.80	786873	0.37608423192126655
B.80	5683582	0.3754802845528455
B.80	8765433	0.3691052845528455
B.80	7430371	0.3691052845528455
B.80	6246174	0.3691052845528455
B.80	3413343	0.3691052845528455
B.80	3502126	0.3691052845528455
B.80	4408190	0.36400528455284553
B.80	1692570	0.36400528455284553
B.80	8725743	0.36400528455284553
B.80	4751815	0.36400528455284553
B.80	7487024	0.34568365384615385
B.80	4688131	0.34313365384615385
B.80	7802341	0.31727452380952376
B.80	4187908	0.31684952380952375
B.80	6485218	0.31684952380952375
B.82	2129357	1.5515498262883998
B.82	106182	1.5288877192982455
B.82	211828	1.4822583250579275
B.82	5189437	1.4235505126452495
B.82	7480808	1.389895109489051
B.82	8842075	1.3788313690762601
B.82	5123886	1.3679599999999998
B.82	8390023	1.3679599999999998
B.82	4057993	1.363947894736842
B.82	4057992	1.363947894736842
B.82	3474605	1.3594899999999999
B.82	206023	1.3528161363636362
B.82	6040133	1.3468333447831686
B.82	7360598	1.3171399999999998
B.82	3858688	1.2751968034695924
B.82	3231551	1.2703289660876758
B.82	4385421	1.2696742245989303
B.82	143988	1.2687395526219287
B.82	8557646	1.2648883333333334
B.82	8557647	1.2648883333333334
B.82	3890967	1.2614519696969697
B.82	7872604	1.254776376811594
B.82	1977522	1.2523769696969698
B.82	2265934	1.2517633333333333
B.82	2625169	1.2517633333333333
B.82	1658951	1.2251229487179487
B.82	8309753	1.1860466666666667
B.82	3421225	1.147749187124932
B.82	3393509	1.1240364874551971
B.82	1768794	1.0667046153846154
B.82	2392602	1.0666866666666666
B.82	1154956	1.000477271589487
B.82	1035771	0.9964905660377359
B.82	3580636	0.9927000000000001
B.82	9224993	0.9911768794326242
B.82	9258104	0.9793987096774195
B.82	1932409	0.9793987096774195
B.82	6708575	0.8777831541218637
B.82	1352413	0.8680502127659574
B.82	8981128	0.8647333333333332
B.82	4615722	0.8629392839864537
B.82	7420647	0.862725376344086
B.82	1667514	0.862725376344086
B.83	4515785	2.547663724035828
B.83	3923056	1.7507707480314962
B.83	5048177	1.7292424023487565
B.83	2537071	1.6929876658658143
B.83	5486179	1.6905329365222512
B.83	6857762	1.5801326186976208
B.83	4653879	1.561336514884496
B.83	6985542	1.53043436699772
B.83	6081843	1.5225040250774204
B.83	1873606	1.5180244352372494
B.83	4877374	1.4962245038714292
B.83	7770192	1.495598849634342
B.83	5455017	1.4852907011265812
B.83	3524864	1.4820563462878715
B.83	6655899	1.477741143260409
B.83	2315569	1.474873809610447
B.83	7664011	1.4608834448698018
B.83	6702817	1.4408787940399446
B.83	9308626	1.4237799945611778
B.83	8414220	1.4215236584301365
B.83	8090308	1.4166393544430622
B.83	4912207	1.4104825798104768
B.83	2426781	1.4035038632852839
B.83	4440238	1.3955132511401251
B.83	3581847	1.394547938832306
B.83	7415522	1.2845532459016396
B.83	7704388	1.2744695052716952
B.83	8608103	1.1919206025373872
B.83	272637	1.1731795336928692
B.83	3224384	1.153586175673192
B.83	184498	1.1195983568075116
B.83	1997875	1.0685904460383666
B.83	3742083	1.067449500772002
B.83	6667955	1.051235051192256
B.83	3107999	1.0504235295917166
B.83	8985571	1.0408469085101528
B.83	8985572	1.0408469085101528
B.83	8238294	1.0397465465465465
B.83	1575855	1.019815072463768
B.83	2813558	1.0187892170225654
B.83	2515526	1.0183598527982225
B.83	2515527	1.0183598527982225
B.83	510382	0.9457080428954423
B.83	7587702	0.9132999999999998
B.83	2826743	0.8710434439178514
B.83	8033804	0.5362711214196303
B.83	3822148	0.5338165759650848
B.83	2315570	0.5237639454937044
B.84	4420217	2.1635794002607565
B.84	6061438	2.1635794002607565
B.84	5360026	2.1248795771570306
B.84	9243756	2.1210700620585055
B.84	557097	2.1125717287251717
B.84	3736998	2.1125717287251717
B.84	7274784	2.1125717287251717
B.84	5179863	2.1045050620585055
B.84	5143166	2.097675841231938
B.84	2493368	2.0933142928277357
B.84	6492580	2.0933142928277357
B.84	6549593	2.0883681489242463
B.84	6028648	2.051823830603621
B.84	6028647	2.051823830603621
B.84	2994989	2.047791626651959
B.84	6444899	2.046902477183833
B.84	875071	2.046902477183833
B.84	4994674	2.046902477183833
B.84	8050426	2.046902477183833
B.84	6843012	2.046902477183833
B.84	7551297	2.046902477183833
B.84	6404095	2.046902477183833
B.84	2537397	2.046902477183833
B.84	9113801	2.046902477183833
B.84	2131284	2.046902477183833
B.84	8899273	2.046902477183833
B.84	4744831	2.046902477183833
B.84	3690716	2.046902477183833
B.84	4744830	2.046902477183833
B.84	5450423	2.046902477183833
B.84	1343785	2.046902477183833
B.84	7847951	2.046902477183833
B.84	5786027	1.976637369750813
B.84	220408	1.976637369750813
B.84	1861424	1.9716912258473236
B.84	5453279	1.9706888079262617
B.84	8687363	1.9108163999681322
B.84	2734893	1.7704625538142857
B.84	7500263	1.7704625538142857
B.84	3959574	1.7704625538142857
B.84	172456	1.560991039008385
B.84	2626310	0.9516997022332506
B.84	8152956	0.9516997022332506
B.85	5369213	2.2458542709772047
B.85	7417643	2.2215414504643833
B.85	2527174	2.2057210159651666
B.85	5653056	2.199006923076923
B.85	862520	2.199006923076923
B.85	8655613	2.199006923076923
B.85	3941196	2.1590820416061924
B.85	6214108	2.1590820416061924
B.85	8851725	2.1445019494715254
B.85	651342	2.1413
B.85	8636379	2.136842105263158
B.85	9112062	2.136842105263158
B.85	24145	2.1318888888888887
B.85	7658742	2.130641949471525
B.85	5477078	2.130641949471525
B.85	8795287	2.0569520808199435
B.85	2545136	2.0551092307692307
B.85	3832954	2.0397092307692306
B.85	6915919	2.0397092307692306
B.85	2906316	1.99863733408691
B.85	762246	1.9765612521978715
B.85	3443438	1.9751614579126608
B.85	4316463	1.960436259735481
B.85	1017356	1.95661
B.85	1337722	1.9474314336931344
B.85	1568973	1.9474314336931344
B.85	1047644	1.916992219695153
B.85	9102182	1.902946065848999
B.85	2335066	1.791466153846154
B.85	4724381	1.7625088888888891
B.85	4483361	1.7625088888888891
B.85	2014017	1.7625088888888891
B.85	2431723	1.7569729411764707
B.85	777608	1.5814450331125827
B.85	4483364	1.5623875331125827
B.85	1278061	1.3882850331125827
B.85	6553468	1.1863843137254901
B.85	5594620	1.1737230769230769
B.85	8662251	0.7359729939871449
B.85	3578047	0.6668028784119109
B.86	2491152	1.2716830585339844
B.86	785034	1.2526261359785327
B.86	5967828	1.2105671181579012
B.86	6037285	1.1632483956580193
B.86	4649176	1.1580080109913338
B.86	466929	1.1337620968570974
B.86	644983	1.124380178412132
B.86	3860539	1.1167028437631503
B.86	2793238	1.1117574814443096
B.86	503648	1.1083076670842889
B.86	3177064	1.102893003010739
B.86	6966199	1.1006789849624057
B.86	6966198	1.1006789849624057
B.86	327767	1.092249446646172
B.86	3350073	1.0872136394436316
B.86	6899019	1.0711241481109766
B.86	2529539	1.044922768343272
B.86	1528683	1.043892020517395
B.86	426397	1.034313783380866
B.86	8202470	1.0254274555816292
B.86	7271397	1.0229616675066597
B.86	1776632	0.9901400974404719
B.86	1776631	0.9901400974404719
B.87	2359509	2.1206937919648414
B.87	8925029	1.6095325750778724
B.87	2012624	1.5710336883143134
B.87	804203	1.5693688374613428
B.87	8233157	1.5680439857903352
B.87	331612	1.5619284003534246
B.87	5881863	1.5492299634628153
B.87	7920941	1.5372995172209956
B.87	7862057	1.520283624931872
B.87	1324518	1.5050082448563853
B.87	4233445	1.4989295219875893
B.87	6765605	1.4910640565593538
B.87	6280858	1.4899957042035563
B.87	2412994	1.4770183590237924
B.87	2412993	1.4770183590237924
B.87	5866730	1.4726597944204762
B.87	7212272	1.4726597944204762
B.87	6010635	1.4723085055557659
B.87	4431206	1.4531194751463012
B.87	650955	1.445840924603277
B.87	2277313	1.4439998883277865
B.87	2277312	1.440478861049963
B.87	6757384	1.436490319663079
B.87	8339618	1.430333086545981
B.87	2250834	1.4201539953022426
B.87	2716972	1.1167875165447578
B.87	9059073	1.114868582375479
B.87	9300219	1.0645353420822397
B.87	8017330	1.0550553819444444
B.87	3496357	1.0438603750594342
B.87	9000326	0.9985300409356724
B.87	4599745	0.9809957380922416
B.87	7917247	0.9295582505111581
B.87	8186051	0.9268320410481063
B.87	6939325	0.7999864726187145
B.87	7357677	0.7562572787189322
B.87	7209012	0.7550494355816774
B.87	3508460	0.7509427689150107
B.87	2385897	0.7489318260120585
B.87	8686993	0.7477161022483441
B.87	8629537	0.7371943631179092
B.87	5603177	0.7371943631179092
B.87	5067646	0.7371943631179092
B.87	43414	0.7363836778639103
B.87	2404208	0.7250459268316073
B.87	4240947	0.6983816296296297
B.87	3100391	0.6770146408268733
B.87	8579895	0.6687906594142055
B.87	6994596	0.4797467099179717
B.88	5761870	2.9107011111111114
B.88	417494	2.9107011111111114
B.88	16613	2.84537
B.88	605518	2.8446811111111114
B.88	9187774	2.8427686111111115
B.88	3151751	2.8333575000000004
B.88	8040630	2.8212575
B.88	346546	2.8212575
B.88	36755	2.8198914285714287
B.88	7200497	2.8198914285714287
B.88	1888371	2.8198914285714287
B.88	536311	2.8198914285714287
B.88	5597804	2.8198914285714287
B.88	501103	2.8198914285714287
B.88	3507001	2.8198914285714287
B.88	5196504	2.8198914285714287
B.88	891570	2.8198914285714287
B.88	2372915	2.8198914285714287
B.88	7985243	2.8198914285714287
B.88	4636269	2.8198914285714287
B.88	281273	2.7768
B.88	651951	2.7429200000000002
B.88	3381	2.7429200000000002
B.88	1356569	2.6313158525345623
B.88	1456128	2.6313158525345623
B.89	1809605	2.6769000000000003
B.89	5234958	2.247915735529627
B.89	7242110	2.247065735529627
B.89	6028448	2.160474446262957
B.89	5214635	2.1372666666666666
B.89	6043200	2.1328300000000002
B.89	7936553	2.1134729971988793
B.89	2827877	2.1032610035697834
B.89	6411421	2.0933266666666666
B.89	1761661	2.0933266666666666
B.89	2827850	2.0913785187519696
B.89	5112191	2.0707166666666668
B.89	2393386	1.9968765957446806
B.89	3853048	1.9924014256082196
B.89	7241950	1.9605765957446808
B.89	5234949	1.9394015957446806
B.89	150156	1.839466856441962
B.89	4794318	1.826728703287197
B.89	1178956	1.8237350141000574
B.89	7610707	1.8010747126436781
B.89	6773985	1.7989029177718834
B.89	6694328	1.7963766666666663
B.89	8742821	1.7905701800356506
B.89	1811002	1.7349166666666669
B.89	5697276	1.7251076923076925
B.89	7017654	1.5621016560509553
B.89	1672589	1.3843512720263778
B.89	4623736	1.3843512720263778
B.89	2193352	1.3843512720263778
B.89	1943844	1.3797801897752957
B.89	8765674	1.2113718848829855
B.89	4623759	1.080988322717622
B.89	5871213	1.0013266666666665
B.89	329029	1.0013266666666665
B.89	7874911	1.0013266666666665
B.89	6748461	1.0013266666666665
B.89	2681263	1.0013266666666665
B.89	2359787	1.0013266666666665
B.89	6205754	1.0013266666666665
B.89	1502476	1.0013266666666665
B.89	7182153	1.0013266666666665
B.89	2956824	1.0013266666666665
B.89	5117327	0.8464169230769231
B.89	642903	0.649185806451613
B.90	4541137	2.2934939657679085
B.90	8191388	1.8784161353759234
B.90	5522879	1.823131286891075
B.90	3968719	1.823131286891075
B.90	5180835	1.8039502296582086
B.90	373536	1.7819907222920595
B.90	302979	1.7188686282513608
B.90	2767302	1.7176786282513608
B.90	25147	1.6960244615846938
B.90	4569414	1.6629903846153846
B.90	6126161	1.6525386363636363
B.90	2962441	1.619777120224408
B.90	6694741	1.619777120224408
B.90	1988154	1.5802454283442657
B.90	8001839	1.5794608129596504
B.90	9049035	1.5485930584918957
B.90	8686335	1.5485930584918957
B.90	3730721	1.5294901247956745
B.90	7947754	1.5229372340858247
B.90	3929030	1.5022972340858247
B.90	4493370	1.4909222340858246
B.90	562406	1.4909222340858246
B.90	1412229	1.4894347340858245
B.90	7821835	1.481730771381862
B.90	3160818	1.481730771381862
B.90	2054795	1.4181579004329006
B.90	3165919	1.377715485074627
B.90	43980	1.352473324742268
B.90	302978	1.282064967501058
B.90	6513847	0.9118718243243243
B.90	5545923	0.8441118243243244
B.90	7824090	0.8441118243243244
B.90	3182516	0.8441118243243244
B.90	8932544	0.8441118243243244
B.90	4182913	0.8441118243243244
B.90	7993702	0.8441118243243244
B.90	5545922	0.8441118243243244
B.90	7661966	0.8441118243243244
B.90	4634686	0.5786271428571429
B.90	5511833	0.5763321428571428
B.92	7122374	1.3846722767685162
B.92	9159804	1.323365646978056
B.92	9159799	1.323028146978056
B.92	6998408	1.2986552639580289
B.92	6011139	1.2595920564709608
B.92	4457680	1.2510740365111563
B.92	5087705	1.209074932154021
B.92	6994707	1.1997550065974587
B.92	5031658	1.1959328691866349
B.92	7749530	1.192250182550078
B.92	7377814	1.1878107808406762
B.92	7501657	1.173330548516342
B.92	7501654	1.173330548516342
B.92	6041485	1.1650131445324683
B.92	6041496	1.1650131445324683
B.92	5884611	1.162458649663468
B.92	8693297	1.1549642801017321
B.92	6476915	1.1540727522275707
B.92	6476912	1.1540727522275707
B.92	6476914	1.1540727522275707
B.92	1677629	1.1503250765045903
B.92	5032835	1.1469121747558337
B.92	7376513	1.1462150408496732
B.92	9001189	1.1462150408496732
B.92	4633404	1.1458740342788527
B.92	8185052	1.065674873492746
B.92	1747773	0.975133900034002
B.92	8128501	0.8771964884813241
B.92	1757721	0.6257147058823529
B.92	5279151	0.5250182085168871
B.94	4621752	2.804895384615385
B.94	1177655	2.804895384615385
B.94	8015169	2.804895384615385
B.94	9292087	2.799248717948718
B.94	1450785	2.799248717948718
B.94	878513	2.799248717948718
B.94	934708	2.799248717948718
B.94	8868967	2.7987583333333337
B.94	4465698	2.7987583333333337
B.94	7959381	2.7987583333333337
B.94	5788572	2.7987583333333337
B.94	1830720	2.7987583333333337
B.94	3710180	2.7987583333333337
B.94	5097874	2.7987583333333337
B.94	2578886	2.7987583333333337
B.94	7348340	2.798178787878788
B.94	9225612	2.798178787878788
B.94	9225611	2.798178787878788
B.94	1414878	2.7974833333333335
B.94	5806029	2.7974833333333335
B.94	1555584	2.792190384615385
B.94	398159	2.792190384615385
B.94	614921	2.792190384615385
B.94	5395566	2.792190384615385
B.94	3188515	2.792190384615385
B.94	111558	2.7684
B.94	124570	2.7236214285714286
B.95	528601	2.6923000000000004
B.95	5177	2.6923000000000004
B.95	7518833	2.681508117219917
B.95	5777	2.6769000000000003
B.95	329506	2.519718333333333
B.95	812973	2.519718333333333
B.95	68539	2.5139186956521744
B.95	1005690	2.2875122295387578
B.95	62214	2.2382176649653274
B.95	452289	2.2053550000000004
B.95	1152645	1.0875676470588236
B.97	684088	2.496619597538175
B.97	8568439	2.4114102564102566
B.97	6396147	2.314806264204842
B.97	1028256	2.215836264204842
B.97	2029831	2.215836264204842
B.97	1852722	2.215836264204842
B.97	456117	2.215836264204842
B.97	1587401	2.2150348356334133
B.97	1587380	2.2150348356334133
B.97	1587395	2.2150348356334133
B.97	1337972	2.2112334629645978
B.97	5746033	2.2065285718971492
B.97	2438615	2.2057271433257206
B.97	785785	2.2057271433257206
B.97	2122633	2.2011243420854774
B.97	1517351	2.1939434436920213
B.97	1517350	2.1939434436920213
B.97	3166545	2.1939434436920213
B.97	5778616	2.180031264204841
B.97	2444302	2.1170677105332905
B.97	1696670	2.112975077695199
B.97	7783490	2.112975077695199
B.97	694302	2.099603649123771
B.97	442343	2.079609712964597
B.97	2767031	2.076457309118444
B.97	5629179	2.053551777025354
B.97	7721870	1.976227223071881
B.97	7721869	1.976227223071881
B.97	253149	1.9592119824571042
B.97	8277115	1.9488851474855766
B.97	7721872	1.9288793969849245
B.97	7721871	1.9288793969849245
B.97	793894	1.9216828963610333
B.97	4237541	1.894645129631264
B.97	4237540	1.894645129631264
B.97	430780	1.8073000184540757
B.97	1628335	1.6370793969849244
B.97	4595445	1.572912730318258
B.97	1804434	1.572912730318258
B.97	3781063	1.572912730318258
B.97	1636677	1.4258947368421053
B.97	6934538	1.4028994117647058
B.97	5844329	1.3993539325842697
B.97	87682	1.3808016766467066
B.97	2424256	1.2490290322580644
B.97	5154387	0.910016972477064
B.97	5154394	0.910016972477064
B.97	7259073	0.910016972477064
B.98	976538	2.4490518079457986
B.98	1533619	2.3805005513380553
B.98	3247216	2.1720606544133796
B.98	1966962	1.8706105599239744
B.98	1767832	1.8559982067285508
B.98	9278146	1.743081483699258
B.98	553557	1.6817168632386386
B.98	3946055	1.6179881622181285
B.98	3247218	1.5973690416391277
B.98	5334315	1.5494417321590235
B.98	7035285	1.4166805878286932
B.98	8235119	1.3759886417026874
B.98	5731437	1.3565257064534553
B.98	5731436	1.3565257064534553
B.98	5731449	1.3565257064534553
B.98	5731448	1.3565257064534553
B.98	5962990	1.3565157627791002
B.98	2377597	1.3486783161547842
B.98	2120271	1.3323969612063684
B.98	4405933	1.3306352072235446
B.98	2705517	1.3245456647398846
B.98	2748096	1.3159928083693542
B.98	8560036	1.3003680866188874
B.98	8568312	1.2983638131010673
B.98	4200887	1.2966994288944298
B.98	5815710	1.248370665147201
B.98	744815	1.2090512884710145
B.98	3136188	1.1533503289381712
B.98	6842127	1.1514244548122972
B.98	242880	1.1382488992567417
B.98	1219017	1.1382488992567417
B.98	1871771	1.1382488992567417
B.98	4096094	1.1279138119691523
B.98	1409327	1.0837750765045902
B.98	2357106	0.9917153631495272
B.98	5409621	0.9693295308406763
B.98	1945482	0.9570095308406763
B.98	2375014	0.9184345086800769
B.98	8898272	0.8994447058823529
B.98	66727	0.8886884952876178
B.98	6734089	0.8809884952876179
B.98	3580085	0.8809884952876179
B.98	6482527	0.8798266538391057
B.98	1497572	0.8604551619542845
B.98	1488747	0.8191428192898782
B.98	274015	0.6353322046374679
